,TIME,ELAPSED_SECONDS,PSTATE,acc_x,acc_y,acc_z,mag_x,mag_y,mag_z,gyr_x,gyr_y,gyr_z,lin_x,lin_y,lin_z,eul_x,eul_y,eul_z,qua_w,qua_x,qua_y,qua_z
0,588150.0,290.70279500000004,1.0,7.59,1.03,-6.57,-34.19,-23.56,19.69,-3.75,-5.25,-0.88,0.17873285714867168,0.06193164582042565,-0.2828553910992824,-127.53298072808481,19.226876578818004,-45.67265480727474,-0.13,-0.897,0.16699999999999998,-0.3881
1,588150.0,290.70279500000004,1.0,7.59,1.03,-6.57,-34.19,-23.56,19.69,-3.75,-5.25,-0.88,0.17873285714867168,0.06193164582042565,-0.2828553910992824,-127.53298072808481,19.226876578818004,-45.67265480727474,-0.13,-0.897,0.16699999999999998,-0.3881
2,588185.0,290.705933,1.0,7.71,0.87,-6.79,-33.38,-23.19,18.87,-1.12,-5.81,3.31,0.1983901688105319,-0.12047255442923333,-0.5011736162901332,-127.636771729627,19.319861939553064,-45.52349068442483,-0.1296,-0.8974,0.1678,-0.3869
3,588185.0,290.705933,1.0,7.71,0.87,-6.79,-33.38,-23.19,18.87,-1.12,-5.81,3.31,0.1983901688105319,-0.12047255442923333,-0.5011736162901332,-127.636771729627,19.319861939553064,-45.52349068442483,-0.1296,-0.8974,0.1678,-0.3869
4,588220.0,290.779139,1.0,7.45,0.85,-6.69,-33.38,-23.19,18.87,-1.44,-10.75,1.31,0.1626018844338726,-0.12582789653817816,-0.2401817377983111,-127.92318817469021,19.470990576087328,-45.1509357631892,-0.1293,-0.8985,0.1691,-0.3839
5,588220.0,290.779139,1.0,7.45,0.85,-6.69,-33.38,-23.19,18.87,-1.44,-10.75,1.31,0.1626018844338726,-0.12582789653817816,-0.2401817377983111,-127.92318817469021,19.470990576087328,-45.1509357631892,-0.1293,-0.8985,0.1691,-0.3839
6,588257.0,290.797846,1.0,7.08,0.82,-6.56,-33.38,-24.0,18.06,0.63,-6.44,5.0,0.055815947754753965,-0.1529013019718859,0.1213051031038912,-128.10621848828742,19.622153417094765,-44.89044689976561,-0.1287,-0.8992,0.1704,-0.3818
7,588257.0,290.797846,1.0,7.08,0.82,-6.56,-33.38,-24.0,18.06,0.63,-6.44,5.0,0.055815947754753965,-0.1529013019718859,0.1213051031038912,-128.10621848828742,19.622153417094765,-44.89044689976561,-0.1287,-0.8992,0.1704,-0.3818
8,588292.0,290.84972799999997,1.0,7.51,0.61,-6.55,-34.19,-23.56,20.06,2.81,0.69,10.13,0.4160815555226528,-0.21885180660504103,-0.16599659084535645,-128.05386288415187,19.854779083760317,-44.902845573736435,-0.1278,-0.899,0.1724,-0.3819
9,588292.0,290.84972799999997,1.0,7.51,0.61,-6.55,-34.19,-23.56,20.06,2.81,0.69,10.13,0.4160815555226528,-0.21885180660504103,-0.16599659084535645,-128.05386288415187,19.854779083760317,-44.902845573736435,-0.1278,-0.899,0.1724,-0.3819
10,588324.0,290.868251,1.0,7.29,0.23,-6.42,-34.19,-23.56,20.06,-2.38,-8.31,14.06,0.5115319002681065,-0.4857094474027459,0.11563243486723175,-128.0277034878583,20.331921330362565,-44.7912774389752,-0.1254,-0.8989,0.1765,-0.381
11,588324.0,290.868251,1.0,7.29,0.23,-6.42,-34.19,-23.56,20.06,-2.38,-8.31,14.06,0.5115319002681065,-0.4857094474027459,0.11563243486723175,-128.0277034878583,20.331921330362565,-44.7912774389752,-0.1254,-0.8989,0.1765,-0.381
12,588359.0,290.91700000000003,1.0,7.53,0.04,-6.49,-33.38,-22.87,17.5,-3.13,-8.19,21.94,0.7190658589425671,-0.5199729449189859,-0.09462125307934777,-127.97542141388577,21.13572637929078,-44.51874337646561,-0.12300000000000001,-0.8987,0.1834,-0.3788
13,588359.0,290.91700000000003,1.0,7.53,0.04,-6.49,-33.38,-22.87,17.5,-3.13,-8.19,21.94,0.7190658589425671,-0.5199729449189859,-0.09462125307934777,-127.97542141388577,21.13572637929078,-44.51874337646561,-0.12300000000000001,-0.8987,0.1834,-0.3788
14,588396.0,290.938827,1.0,6.7,-1.18,-5.23,-34.5,-22.06,18.87,1.56,-25.87,36.56,1.5433789572271237,-1.2142262272020488,1.453271278574567,-128.1324147334415,22.045646214809636,-44.060987161952966,-0.1183,-0.8993,0.1912,-0.3751
15,588396.0,290.938827,1.0,6.7,-1.18,-5.23,-34.5,-22.06,18.87,1.56,-25.87,36.56,1.5433789572271237,-1.2142262272020488,1.453271278574567,-128.1324147334415,22.045646214809636,-44.060987161952966,-0.1183,-0.8993,0.1912,-0.3751
16,588433.0,290.98886600000003,1.0,7.68,-2.1,-6.32,-34.5,-22.06,18.87,-10.38,-31.19,56.94,1.9655412526207168,-1.9354697041685305,0.022713951124172738,-128.10621848828742,23.541932535122797,-43.45590465390315,-0.113,-0.8992,0.204,-0.3702
17,588433.0,290.98886600000003,1.0,7.68,-2.1,-6.32,-34.5,-22.06,18.87,-10.38,-31.19,56.94,1.9655412526207168,-1.9354697041685305,0.022713951124172738,-128.10621848828742,23.541932535122797,-43.45590465390315,-0.113,-0.8992,0.204,-0.3702
18,588466.0,291.008143,1.0,7.12,-2.13,-6.33,-33.75,-22.06,18.37,-38.0,-32.0,47.31,1.850573645387879,-1.8633367500210647,0.4043336184365316,-128.05386288415187,25.99399574998519,-41.979385883293695,-0.113,-0.899,0.2249,-0.3582
19,588466.0,291.008143,1.0,7.12,-2.13,-6.33,-33.75,-22.06,18.37,-38.0,-32.0,47.31,1.850573645387879,-1.8633367500210647,0.4043336184365316,-128.05386288415187,25.99399574998519,-41.979385883293695,-0.113,-0.899,0.2249,-0.3582
20,588503.0,291.057365,1.0,6.49,-1.26,-5.62,-34.5,-20.19,18.87,-64.94,-37.81,44.13,1.6890416777331572,-0.9337680973988991,1.3469032336268842,-127.5070627749377,28.74204597594341,-40.302553807332,-0.1234,-0.8969,0.2482,-0.3445
21,588503.0,291.057365,1.0,6.49,-1.26,-5.62,-34.5,-20.19,18.87,-64.94,-37.81,44.13,1.6890416777331572,-0.9337680973988991,1.3469032336268842,-127.5070627749377,28.74204597594341,-40.302553807332,-0.1234,-0.8969,0.2482,-0.3445
22,588537.0,291.07705699999997,1.0,7.22,-0.1,-5.85,-35.69,-19.06,19.69,-74.56,-17.87,55.0,1.5078651917200698,0.2499066408524908,0.6401463462366515,-126.30202625936262,31.197641863629613,-39.351894536966725,-0.1355,-0.8922,0.2689,-0.3367
23,588537.0,291.07705699999997,1.0,7.22,-0.1,-5.85,-35.69,-19.06,19.69,-74.56,-17.87,55.0,1.5078651917200698,0.2499066408524908,0.6401463462366515,-126.30202625936262,31.197641863629613,-39.351894536966725,-0.1355,-0.8922,0.2689,-0.3367
24,588572.0,291.12465499999996,1.0,7.13,-0.14,-6.33,-35.69,-19.06,19.69,-61.5,-34.38,67.37,1.3658843358594406,0.12756116743022514,0.3703642831717051,-124.84860239500851,34.555009904291715,-37.846342205002045,-0.145,-0.8864,0.297,-0.3243
25,588572.0,291.12465499999996,1.0,7.13,-0.14,-6.33,-35.69,-19.06,19.69,-61.5,-34.38,67.37,1.3658843358594406,0.12756116743022514,0.3703642831717051,-124.84860239500851,34.555009904291715,-37.846342205002045,-0.145,-0.8864,0.297,-0.3243
26,588609.0,291.13255899999996,1.0,7.89,0.82,-5.57,-35.69,-19.06,18.75,-90.75,-27.62,19.12,1.7331866228657136,1.5953033111652386,0.4044975083784923,-123.8908464883956,36.70955398535576,-36.37166381418113,-0.1567,-0.8825,0.3149,-0.3121
27,588609.0,291.13255899999996,1.0,7.89,0.82,-5.57,-35.69,-19.06,18.75,-90.75,-27.62,19.12,1.7331866228657136,1.5953033111652386,0.4044975083784923,-123.8908464883956,36.70955398535576,-36.37166381418113,-0.1567,-0.8825,0.3149,-0.3121
28,588646.0,291.202306,1.0,2.66,-0.84,-5.6,-36.0,-18.0,20.37,-64.0,-114.0,-35.88,0.12611770509761144,-2.1245401545751714,3.9234855916175,-125.29584795913513,37.277472623411406,-32.34140081327868,-0.1769,-0.8882,0.3196,-0.2785
29,588646.0,291.202306,1.0,2.66,-0.84,-5.6,-36.0,-18.0,20.37,-64.0,-114.0,-35.88,0.12611770509761144,-2.1245401545751714,3.9234855916175,-125.29584795913513,37.277472623411406,-32.34140081327868,-0.1769,-0.8882,0.3196,-0.2785
30,588681.0,291.220729,1.0,2.33,0.46,-1.91,-36.0,-18.0,20.37,-95.31,-80.5,5.0,0.6115676170849194,0.5368477396559361,6.869580107375822,-126.40360438507471,38.23421144458892,-28.848522447292034,-0.1846,-0.8926,0.3275,-0.2491
31,588681.0,291.220729,1.0,2.33,0.46,-1.91,-36.0,-18.0,20.37,-95.31,-80.5,5.0,0.6115676170849194,0.5368477396559361,6.869580107375822,-126.40360438507471,38.23421144458892,-28.848522447292034,-0.1846,-0.8926,0.3275,-0.2491
32,588716.0,291.266055,1.0,4.62,3.58,-6.16,-34.19,-19.5,20.75,-161.31,12.38,-16.25,-0.9302925439611152,1.1362626771013162,1.4430465355071431,-123.91521633901593,39.522316021456795,-26.29986168212807,-0.2344,-0.8826,0.3381,-0.2275
33,588716.0,291.266055,1.0,4.62,3.58,-6.16,-34.19,-19.5,20.75,-161.31,12.38,-16.25,-0.9302925439611152,1.1362626771013162,1.4430465355071431,-123.91521633901593,39.522316021456795,-26.29986168212807,-0.2344,-0.8826,0.3381,-0.2275
34,588750.0,291.284721,1.0,3.51,1.13,-5.19,-33.75,-21.37,20.37,-98.94,-3.69,16.87,0.53751023085464,-0.7699207787576506,3.5097138604029183,-121.24347666895369,41.06027242384908,-24.772390131710253,-0.2677,-0.8714,0.3507,-0.2145
35,588750.0,291.284721,1.0,3.51,1.13,-5.19,-33.75,-21.37,20.37,-98.94,-3.69,16.87,0.53751023085464,-0.7699207787576506,3.5097138604029183,-121.24347666895369,41.06027242384908,-24.772390131710253,-0.2677,-0.8714,0.3507,-0.2145
36,588787.0,291.332622,1.0,1.86,2.88,-1.89,-34.88,-22.06,18.19,-200.31,74.19,51.94,-1.2144289134684845,1.2163365658233531,6.289294775861725,-117.29886813726064,42.790549766583936,-24.150948661500923,-0.3063,-0.8540000000000001,0.3648,-0.2092
37,588787.0,291.332622,1.0,1.86,2.88,-1.89,-34.88,-22.06,18.19,-200.31,74.19,51.94,-1.2144289134684845,1.2163365658233531,6.289294775861725,-117.29886813726064,42.790549766583936,-24.150948661500923,-0.3063,-0.8540000000000001,0.3648,-0.2092
38,588822.0,291.40198,1.0,3.38,4.63,-2.48,-34.88,-22.06,18.19,-218.38,129.56,75.5,-1.8253667566904124,1.5902827653441245,4.048982335935065,-108.87862832095405,45.52349068442483,-25.641307370957357,-0.3732,-0.8135,0.3869,-0.2219
39,588822.0,291.40198,1.0,3.38,4.63,-2.48,-34.88,-22.06,18.19,-218.38,129.56,75.5,-1.8253667566904124,1.5902827653441245,4.048982335935065,-108.87862832095405,45.52349068442483,-25.641307370957357,-0.3732,-0.8135,0.3869,-0.2219
40,588859.0,291.42062799999997,1.0,4.98,3.87,0.24,-37.19,-23.56,12.75,-181.0,154.19,150.81,-0.5389899715173545,3.589388095679624,4.643251612387712,-101.44701315982277,48.47249577682955,-28.45823232032684,-0.4144,-0.7741,0.4105,-0.2458
41,588859.0,291.42062799999997,1.0,4.98,3.87,0.24,-37.19,-23.56,12.75,-181.0,154.19,150.81,-0.5389899715173545,3.589388095679624,4.643251612387712,-101.44701315982277,48.47249577682955,-28.45823232032684,-0.4144,-0.7741,0.4105,-0.2458
42,588896.0,291.423863,1.0,11.02,5.56,1.56,-40.5,-22.56,4.19,-239.25,250.63,150.31,-0.006611990262307188,5.807575237224617,-1.1960599455343368,-88.46953482425532,51.59604173997076,-33.79973728659347,-0.4893,-0.6976,0.4352,-0.2907
43,588896.0,291.423863,1.0,11.02,5.56,1.56,-40.5,-22.56,4.19,-239.25,250.63,150.31,-0.006611990262307188,5.807575237224617,-1.1960599455343368,-88.46953482425532,51.59604173997076,-33.79973728659347,-0.4893,-0.6976,0.4352,-0.2907
44,588931.0,291.512945,1.0,9.8,4.19,1.05,-40.5,-22.56,4.19,-79.5,245.44,236.06,-0.3665020965037864,3.2877970783380133,-0.3793534648006265,-79.13695813068195,53.25651268144825,-39.99754361581977,-0.5257,-0.637,0.4482,-0.342
45,588931.0,291.512945,1.0,9.8,4.19,1.05,-40.5,-22.56,4.19,-79.5,245.44,236.06,-0.3665020965037864,3.2877970783380133,-0.3793534648006265,-79.13695813068195,53.25651268144825,-39.99754361581977,-0.5257,-0.637,0.4482,-0.342
46,588963.0,291.52487599999995,1.0,9.62,-0.05,5.13,-41.69,-15.25,-6.0,-51.13,345.13,251.25,1.891771847331752,5.284310541962953,0.4599360654804378,-66.77519331232165,53.89835748467391,-52.97467248448692,-0.5411,-0.5503,0.4532,-0.446
47,588963.0,291.52487599999995,1.0,9.62,-0.05,5.13,-41.69,-15.25,-6.0,-51.13,345.13,251.25,1.891771847331752,5.284310541962953,0.4599360654804378,-66.77519331232165,53.89835748467391,-52.97467248448692,-0.5411,-0.5503,0.4532,-0.446
48,589000.0,291.52797599999997,1.0,14.57,-1.94,3.69,-40.25,-9.0,-13.75,-122.12,315.56,182.19,3.177972576869143,1.4010751459209216,-4.944691591060469,-56.28940782045202,52.62924891384529,-60.98159941844144,-0.5688,-0.4717,0.4433,-0.5074
49,589000.0,291.52797599999997,1.0,14.57,-1.94,3.69,-40.25,-9.0,-13.75,-122.12,315.56,182.19,3.177972576869143,1.4010751459209216,-4.944691591060469,-56.28940782045202,52.62924891384529,-60.98159941844144,-0.5688,-0.4717,0.4433,-0.5074
50,589037.0,291.57055099999997,1.0,11.87,-1.04,8.27,-36.0,-0.88,-26.06,-158.75,201.5,135.56,0.019956043066371887,4.233190841700158,-4.066024473730399,-44.64258950046725,53.35908614472047,-66.37764861539371,-0.5954,-0.3798,0.449,-0.5474
51,589037.0,291.57055099999997,1.0,11.87,-1.04,8.27,-36.0,-0.88,-26.06,-158.75,201.5,135.56,0.019956043066371887,4.233190841700158,-4.066024473730399,-44.64258950046725,53.35908614472047,-66.37764861539371,-0.5954,-0.3798,0.449,-0.5474
52,589072.0,291.637325,1.0,12.12,-1.81,9.91,-36.0,-0.88,-26.06,-110.25,269.81,111.12,-0.8783464400278449,3.0494580436871157,-5.6305749180700335,-33.536349009079444,51.23993373594613,-71.11222790088254,-0.6258,-0.2885,0.4324,-0.5815
53,589072.0,291.637325,1.0,12.12,-1.81,9.91,-36.0,-0.88,-26.06,-110.25,269.81,111.12,-0.8783464400278449,3.0494580436871157,-5.6305749180700335,-33.536349009079444,51.23993373594613,-71.11222790088254,-0.6258,-0.2885,0.4324,-0.5815
54,589109.0,291.655878,1.0,14.74,-2.33,8.73,-31.0,6.25,-31.75,-70.5,215.5,156.0,-1.3496887146174648,-1.4762333922995785,-7.366249444913017,-25.817620461905193,48.975666100652674,-75.5554765131697,-0.6348,-0.2234,0.4145,-0.6126
55,589109.0,291.655878,1.0,14.74,-2.33,8.73,-31.0,6.25,-31.75,-70.5,215.5,156.0,-1.3496887146174648,-1.4762333922995785,-7.366249444913017,-25.817620461905193,48.975666100652674,-75.5554765131697,-0.6348,-0.2234,0.4145,-0.6126
56,589146.0,291.703082,1.0,14.8,-1.01,7.55,-19.87,12.0,-37.0,-59.13,132.5,100.81,-3.570620143446801,-4.549572709127844,-5.801510043886372,-18.216471799125177,47.74465793118145,-79.59855330327525,-0.6335,-0.1583,0.4047,-0.6401
57,589146.0,291.703082,1.0,14.8,-1.01,7.55,-19.87,12.0,-37.0,-59.13,132.5,100.81,-3.570620143446801,-4.549572709127844,-5.801510043886372,-18.216471799125177,47.74465793118145,-79.59855330327525,-0.6335,-0.1583,0.4047,-0.6401
58,589182.0,291.76458199999996,1.0,13.03,-0.03,6.84,-19.87,12.0,-37.0,-47.38,116.81,37.88,-4.339952296024567,-4.928810680584942,-3.3629756341318546,-14.257569796129179,46.48205884773244,-81.03797395445109,-0.6378,-0.1241,0.3946,-0.6497
59,589182.0,291.76458199999996,1.0,13.03,-0.03,6.84,-19.87,12.0,-37.0,-47.38,116.81,37.88,-4.339952296024567,-4.928810680584942,-3.3629756341318546,-14.257569796129179,46.48205884773244,-81.03797395445109,-0.6378,-0.1241,0.3946,-0.6497
60,589215.0,291.777896,1.0,10.54,0.01,5.52,-11.69,16.5,-39.88,1.25,48.63,-56.56,-3.2854541426643777,-4.543129937727444,-0.6875322666358414,-12.284814782039538,44.81606648541226,-80.30136362645774,-0.6539,-0.107,0.3812,-0.6448
61,589215.0,291.777896,1.0,10.54,0.01,5.52,-11.69,16.5,-39.88,1.25,48.63,-56.56,-3.2854541426643777,-4.543129937727444,-0.6875322666358414,-12.284814782039538,44.81606648541226,-80.30136362645774,-0.6539,-0.107,0.3812,-0.6448
62,589252.0,291.78567400000003,1.0,6.94,-2.86,6.65,-7.69,18.75,-39.38,85.5,2.19,-67.06,0.02324811366343804,-0.6293978417712389,-0.20179732623321375,-14.61564163128423,42.49532318150223,-79.36011799864445,-0.6669,-0.1272,0.3624,-0.6385
63,589252.0,291.78567400000003,1.0,6.94,-2.86,6.65,-7.69,18.75,-39.38,85.5,2.19,-67.06,0.02324811366343804,-0.6293978417712389,-0.20179732623321375,-14.61564163128423,42.49532318150223,-79.36011799864445,-0.6669,-0.1272,0.3624,-0.6385
64,589287.0,291.83171,1.0,5.18,-4.14,7.58,-7.5,17.25,-40.75,37.88,-13.81,-12.75,1.4001807859726616,1.541047226182675,-0.046931440941547116,-16.373495591769153,41.378582455790294,-79.6731491009361,-0.6667,-0.1424,0.3533,-0.6406
65,589287.0,291.83171,1.0,5.18,-4.14,7.58,-7.5,17.25,-40.75,37.88,-13.81,-12.75,1.4001807859726616,1.541047226182675,-0.046931440941547116,-16.373495591769153,41.378582455790294,-79.6731491009361,-0.6667,-0.1424,0.3533,-0.6406
66,589322.0,291.898755,1.0,4.89,-3.74,7.17,-7.5,17.25,-40.75,-9.81,-11.63,-7.5,1.1449371477048915,1.5413476380767317,0.5534361590471892,-16.651395613206027,41.84440708007335,-79.16669200758267,-0.6674,-0.1448,0.3571,-0.6372
67,589322.0,291.898755,1.0,4.89,-3.74,7.17,-7.5,17.25,-40.75,-9.81,-11.63,-7.5,1.1449371477048915,1.5413476380767317,0.5534361590471892,-16.651395613206027,41.84440708007335,-79.16669200758267,-0.6674,-0.1448,0.3571,-0.6372
68,589359.0,291.915779,1.0,4.94,-2.71,7.96,-8.56,14.56,-42.38,-17.56,-8.94,13.13,-0.2220391276295508,1.917873005331868,0.2472691747989817,-16.257732621833743,42.70441132531611,-79.09236926487023,-0.6649,-0.1414,0.3641,-0.6367
69,589359.0,291.915779,1.0,4.94,-2.71,7.96,-8.56,14.56,-42.38,-17.56,-8.94,13.13,-0.2220391276295508,1.917873005331868,0.2472691747989817,-16.257732621833743,42.70441132531611,-79.09236926487023,-0.6649,-0.1414,0.3641,-0.6367
70,589395.0,291.92048,1.0,5.4,-3.25,7.82,-8.25,15.38,-40.69,-0.44,14.25,8.19,0.2624962597116606,1.4796684605014696,-0.12393794637229227,-15.817984589415364,42.507618370719364,-79.43458474445285,-0.6642,-0.1376,0.3625,-0.639
71,589395.0,291.92048,1.0,5.4,-3.25,7.82,-8.25,15.38,-40.69,-0.44,14.25,8.19,0.2624962597116606,1.4796684605014696,-0.12393794637229227,-15.817984589415364,42.507618370719364,-79.43458474445285,-0.6642,-0.1376,0.3625,-0.639
72,589428.0,291.975144,1.0,5.67,-3.87,7.22,-8.25,15.38,-40.69,-1.94,4.38,25.44,0.9534175921924142,0.9031432907310668,-0.0690538782714345,-15.401597439742238,42.446147551916006,-79.94203028891886,-0.662,-0.134,0.36200000000000004,-0.6424
73,589428.0,291.975144,1.0,5.67,-3.87,7.22,-8.25,15.38,-40.69,-1.94,4.38,25.44,0.9534175921924142,0.9031432907310668,-0.0690538782714345,-15.401597439742238,42.446147551916006,-79.94203028891886,-0.662,-0.134,0.36200000000000004,-0.6424
74,589463.0,291.977777,1.0,5.27,-3.17,7.32,-9.38,15.0,-41.56,-22.06,-10.56,25.31,0.10192087159403053,1.1764362006290336,0.3193000010918201,-14.754288420181696,43.283258399546064,-80.39134544428752,-0.6566,-0.1284,0.3688,-0.6454
75,589463.0,291.977777,1.0,5.27,-3.17,7.32,-9.38,15.0,-41.56,-22.06,-10.56,25.31,0.10192087159403053,1.1764362006290336,0.3193000010918201,-14.754288420181696,43.283258399546064,-80.39134544428752,-0.6566,-0.1284,0.3688,-0.6454
76,589500.0,292.067648,1.0,4.94,-2.93,7.76,-8.25,16.06,-42.0,-8.0,-2.69,0.94,-0.30267859472363695,1.6984970517613711,0.3077240905377021,-14.500119080393965,43.69037629572606,-80.18148049823861,-0.6564,-0.1262,0.3721,-0.644
77,589500.0,292.067648,1.0,4.94,-2.93,7.76,-8.25,16.06,-42.0,-8.0,-2.69,0.94,-0.30267859472363695,1.6984970517613711,0.3077240905377021,-14.500119080393965,43.69037629572606,-80.18148049823861,-0.6564,-0.1262,0.3721,-0.644
78,589535.0,292.08073199999995,1.0,4.9,-3.8,7.18,-8.25,16.5,-41.5,15.75,4.0,-2.25,0.7584450320896405,1.4570002121515029,0.4629723773993018,-14.638747929971785,43.39423340067783,-80.21144137505003,-0.6573,-0.1274,0.3697,-0.6442
79,589535.0,292.08073199999995,1.0,4.9,-3.8,7.18,-8.25,16.5,-41.5,15.75,4.0,-2.25,0.7584450320896405,1.4570002121515029,0.4629723773993018,-14.638747929971785,43.39423340067783,-80.21144137505003,-0.6573,-0.1274,0.3697,-0.6442
80,589570.0,292.13298599999996,1.0,5.37,-6.29,7.5,-8.25,16.5,-41.5,-26.12,-25.81,49.5,2.8568039039235464,1.6097267842323246,-0.8656717312191393,-14.58098330322708,43.73976322550855,-81.0982837378557,-0.65,-0.1269,0.3725,-0.6501
81,589570.0,292.13298599999996,1.0,5.37,-6.29,7.5,-8.25,16.5,-41.5,-26.12,-25.81,49.5,2.8568039039235464,1.6097267842323246,-0.8656717312191393,-14.58098330322708,43.73976322550855,-81.0982837378557,-0.65,-0.1269,0.3725,-0.6501
82,589606.0,292.152389,1.0,6.27,-3.4,6.41,-7.88,15.75,-40.69,-89.37,-11.5,0.44,-0.17488424290963978,0.04380965682925009,0.2187150703318572,-12.492290914481535,46.968879343305815,-79.80752374562414,-0.6464,-0.1088,0.3985,-0.6415
83,589606.0,292.152389,1.0,6.27,-3.4,6.41,-7.88,15.75,-40.69,-89.37,-11.5,0.44,-0.17488424290963978,0.04380965682925009,0.2187150703318572,-12.492290914481535,46.968879343305815,-79.80752374562414,-0.6464,-0.1088,0.3985,-0.6415
84,589641.0,292.199158,1.0,6.06,-3.29,7.06,-9.06,18.0,-39.38,-19.37,-5.06,3.19,-0.6667998271576708,0.6528400105190282,-0.017833595139643776,-11.639588800101585,48.007947366775134,-78.8103048383864,-0.649,-0.1014,0.4068,-0.6348
85,589641.0,292.199158,1.0,6.06,-3.29,7.06,-9.06,18.0,-39.38,-19.37,-5.06,3.19,-0.6667998271576708,0.6528400105190282,-0.017833595139643776,-11.639588800101585,48.007947366775134,-78.8103048383864,-0.649,-0.1014,0.4068,-0.6348
86,589674.0,292.217821,1.0,6.38,-4.95,6.28,-9.06,18.0,-39.38,-10.31,-32.81,23.06,0.9960491694158152,0.2593113574049237,-0.37106799923867584,-11.789339646395064,48.67364391258275,-79.25593194400129,-0.6426,-0.1027,0.4121,-0.6378
87,589674.0,292.217821,1.0,6.38,-4.95,6.28,-9.06,18.0,-39.38,-10.31,-32.81,23.06,0.9960491694158152,0.2593113574049237,-0.37106799923867584,-11.789339646395064,48.67364391258275,-79.25593194400129,-0.6426,-0.1027,0.4121,-0.6378
88,589711.0,292.277198,1.0,6.07,-3.94,6.38,-9.38,19.87,-39.88,-62.19,-47.25,3.44,-0.1633850669888119,0.6009606091672275,0.17934239786561967,-11.535926836248436,50.65604685467434,-78.51400980443368,-0.6376,-0.1005,0.4278,-0.6328
89,589711.0,292.277198,1.0,6.07,-3.94,6.38,-9.38,19.87,-39.88,-62.19,-47.25,3.44,-0.1633850669888119,0.6009606091672275,0.17934239786561967,-11.535926836248436,50.65604685467434,-78.51400980443368,-0.6376,-0.1005,0.4278,-0.6328
90,589748.0,292.280341,1.0,5.68,-2.53,6.94,-9.06,20.56,-38.19,-32.44,-32.88,-13.44,-1.8586169083229536,1.2633984012032733,0.7636268512995041,-11.213483126166134,53.17961278851925,-76.6030617698578,-0.6371,-0.0977,0.4476,-0.6198
91,589748.0,292.280341,1.0,5.68,-2.53,6.94,-9.06,20.56,-38.19,-32.44,-32.88,-13.44,-1.8586169083229536,1.2633984012032733,0.7636268512995041,-11.213483126166134,53.17961278851925,-76.6030617698578,-0.6371,-0.0977,0.4476,-0.6198
92,589783.0,292.322256,1.0,5.6,-4.92,6.85,-9.06,20.56,-38.19,50.81,-7.88,9.13,0.39816223213257307,1.8165968865631612,-0.14474902670133186,-12.054333120262198,52.97467248448692,-76.98321557761712,-0.6345,-0.105,0.446,-0.6224
93,589783.0,292.322256,1.0,5.6,-4.92,6.85,-9.06,20.56,-38.19,50.81,-7.88,9.13,0.39816223213257307,1.8165968865631612,-0.14474902670133186,-12.054333120262198,52.97467248448692,-76.98321557761712,-0.6345,-0.105,0.446,-0.6224
94,589815.0,292.379371,1.0,6.52,-4.8,5.64,-10.19,22.87,-37.0,1.25,0.56,3.44,0.7147845726492374,0.24705411168124855,-0.031441648312901194,-12.192616183384214,52.437569453805544,-77.51124498215967,-0.6337,-0.1062,0.4418,-0.626
95,589815.0,292.379371,1.0,6.52,-4.8,5.64,-10.19,22.87,-37.0,1.25,0.56,3.44,0.7147845726492374,0.24705411168124855,-0.031441648312901194,-12.192616183384214,52.437569453805544,-77.51124498215967,-0.6337,-0.1062,0.4418,-0.626
96,589850.0,292.383796,1.0,5.97,-3.83,6.49,-11.56,21.0,-37.38,2.44,-5.44,-2.06,-0.4301164629337249,1.0590739787490515,0.26079948075081205,-12.215665087929844,52.64203317675828,-77.34969619182397,-0.6336,-0.1064,0.4434,-0.6249
97,589850.0,292.383796,1.0,5.97,-3.83,6.49,-11.56,21.0,-37.38,2.44,-5.44,-2.06,-0.4301164629337249,1.0590739787490515,0.26079948075081205,-12.215665087929844,52.64203317675828,-77.34969619182397,-0.6336,-0.1064,0.4434,-0.6249
98,589887.0,292.45194100000003,1.0,6.12,-4.54,6.42,-11.56,22.06,-38.19,31.0,3.69,6.81,0.3270562983285273,0.9939163822429188,-0.1023138410296358,-12.734398426775371,51.91444784867411,-77.95276564974543,-0.6329,-0.1109,0.4377,-0.629
99,589887.0,292.45194100000003,1.0,6.12,-4.54,6.42,-11.56,22.06,-38.19,31.0,3.69,6.81,0.3270562983285273,0.9939163822429188,-0.1023138410296358,-12.734398426775371,51.91444784867411,-77.95276564974543,-0.6329,-0.1109,0.4377,-0.629
100,589922.0,292.474437,1.0,6.3,-5.67,5.99,-11.56,22.06,-38.19,18.44,3.88,9.56,1.5545930802793682,0.6943402647349788,-0.4315203419856868,-12.999629346780694,51.31619778683095,-78.6324525112941,-0.631,-0.1132,0.433,-0.6336
101,589922.0,292.474437,1.0,6.3,-5.67,5.99,-11.56,22.06,-38.19,18.44,3.88,9.56,1.5545930802793682,0.6943402647349788,-0.4315203419856868,-12.999629346780694,51.31619778683095,-78.6324525112941,-0.631,-0.1132,0.433,-0.6336
102,589959.0,292.50928999999996,1.0,5.76,-4.11,6.35,-11.19,20.56,-38.69,-18.69,-2.69,-5.81,0.040917562208726777,1.0820157752887685,0.3610283891620387,-12.699808169946316,51.723352699323634,-78.24787863308072,-0.6319,-0.1106,0.4362,-0.631
103,589959.0,292.50928999999996,1.0,5.76,-4.11,6.35,-11.19,20.56,-38.69,-18.69,-2.69,-5.81,0.040917562208726777,1.0820157752887685,0.3610283891620387,-12.699808169946316,51.723352699323634,-78.24787863308072,-0.6319,-0.1106,0.4362,-0.631
104,589993.0,292.530394,1.0,5.63,-4.08,6.74,-11.56,20.25,-38.56,17.0,8.13,3.44,-0.10464672095485694,1.4219668181212308,0.2286565028234868,-12.7228682118641,51.583314406764714,-78.30697537947441,-0.6323,-0.1108,0.4351,-0.6314
105,589993.0,292.530394,1.0,5.63,-4.08,6.74,-11.56,20.25,-38.56,17.0,8.13,3.44,-0.10464672095485694,1.4219668181212308,0.2286565028234868,-12.7228682118641,51.583314406764714,-78.30697537947441,-0.6323,-0.1108,0.4351,-0.6314
106,590028.0,292.58997400000004,1.0,5.9,-5.22,6.34,-11.56,20.25,-38.56,19.31,11.25,8.38,1.1518621277416592,1.0167382791712551,-0.18802142583198567,-12.941964550756788,50.541973215859535,-79.19643226469245,-0.6314,-0.1127,0.4269,-0.6374
107,590028.0,292.58997400000004,1.0,5.9,-5.22,6.34,-11.56,20.25,-38.56,19.31,11.25,8.38,1.1518621277416592,1.0167382791712551,-0.18802142583198567,-12.941964550756788,50.541973215859535,-79.19643226469245,-0.6314,-0.1127,0.4269,-0.6374
108,590061.0,292.594738,1.0,5.91,-4.24,6.36,-10.88,19.87,-38.19,-20.12,1.19,-5.63,0.2076548684304984,0.8655629811385335,0.185684342577682,-12.572987144073346,50.782858416372434,-78.8696393433536,-0.633,-0.1095,0.4288,-0.6352
109,590061.0,292.594738,1.0,5.91,-4.24,6.36,-10.88,19.87,-38.19,-20.12,1.19,-5.63,0.2076548684304984,0.8655629811385335,0.185684342577682,-12.572987144073346,50.782858416372434,-78.8696393433536,-0.633,-0.1095,0.4288,-0.6352
110,590098.0,292.66614599999997,1.0,5.8,-4.23,6.75,-10.88,19.87,-39.0,9.38,4.88,0.19,0.05683175073710101,1.2094417093001295,0.02762034957387449,-12.480763390340035,50.808228717792346,-78.67689437611286,-0.6343,-0.1087,0.429,-0.6339
111,590098.0,292.66614599999997,1.0,5.8,-4.23,6.75,-10.88,19.87,-39.0,9.38,4.88,0.19,0.05683175073710101,1.2094417093001295,0.02762034957387449,-12.480763390340035,50.808228717792346,-78.67689437611286,-0.6343,-0.1087,0.429,-0.6339
112,590133.0,292.684734,1.0,6.25,-4.95,6.21,-10.88,19.87,-39.0,11.19,3.06,5.94,0.8858479075190185,0.5933672086757462,-0.2428419692695183,-12.58451568698019,50.42795316020507,-79.06265131180031,-0.6335,-0.1096,0.426,-0.6365
113,590133.0,292.684734,1.0,6.25,-4.95,6.21,-10.88,19.87,-39.0,11.19,3.06,5.94,0.8858479075190185,0.5933672086757462,-0.2428419692695183,-12.58451568698019,50.42795316020507,-79.06265131180031,-0.6335,-0.1096,0.426,-0.6365
114,590168.0,292.738569,1.0,6.01,-4.07,6.45,-11.56,20.56,-37.75,-18.0,-1.19,-8.38,-0.005283390192849846,0.8118394443125831,0.1304736476154318,-12.330917071488784,50.7701742654686,-78.57321863854627,-0.6354,-0.1074,0.4287,-0.6332
115,590168.0,292.738569,1.0,6.01,-4.07,6.45,-11.56,20.56,-37.75,-18.0,-1.19,-8.38,-0.005283390192849846,0.8118394443125831,0.1304736476154318,-12.330917071488784,50.7701742654686,-78.57321863854627,-0.6354,-0.1074,0.4287,-0.6332
116,590202.0,292.75262999999995,1.0,5.8,-4.32,6.66,-10.88,20.25,-37.75,11.25,1.31,-0.63,0.19112417932918305,1.14501507065525,0.04394484025825385,-12.342442956629045,50.668725019229704,-78.4252433968071,-0.6369,-0.1075,0.4279,-0.6322
117,590202.0,292.75262999999995,1.0,5.8,-4.32,6.66,-10.88,20.25,-37.75,11.25,1.31,-0.63,0.19112417932918305,1.14501507065525,0.04394484025825385,-12.342442956629045,50.668725019229704,-78.4252433968071,-0.6369,-0.1075,0.4279,-0.6322
118,590239.0,292.80605299999996,1.0,6.31,-4.16,6.47,-10.88,21.37,-37.38,-0.81,4.13,0.37,0.05483648843326422,0.5960172634712926,-0.12432962847474904,-12.215665087929844,50.51663080170575,-78.35131422864524,-0.6385,-0.1064,0.4267,-0.6317
119,590239.0,292.80605299999996,1.0,6.31,-4.16,6.47,-10.88,21.37,-37.38,-0.81,4.13,0.37,0.05483648843326422,0.5960172634712926,-0.12432962847474904,-12.215665087929844,50.51663080170575,-78.35131422864524,-0.6385,-0.1064,0.4267,-0.6317
120,590272.0,292.820425,1.0,5.96,-4.01,6.5,-10.88,21.37,-37.38,1.81,-0.81,-5.75,-0.02425743848892709,0.8558275208995529,0.15684840457075033,-12.261764386292771,50.541973215859535,-78.15927995925256,-0.6395,-0.1068,0.4269,-0.6304
121,590272.0,292.820425,1.0,5.96,-4.01,6.5,-10.88,21.37,-37.38,1.81,-0.81,-5.75,-0.02425743848892709,0.8558275208995529,0.15684840457075033,-12.261764386292771,50.541973215859535,-78.15927995925256,-0.6395,-0.1068,0.4269,-0.6304
122,590309.0,292.87413,1.0,5.83,-4.81,6.51,-9.75,20.25,-38.25,23.69,1.0,1.37,0.7784780727771335,1.088462040566434,-0.07840550194085161,-12.561458728935325,50.21272747501065,-78.33653305941664,-0.6396,-0.1094,0.4243,-0.6316
123,590309.0,292.87413,1.0,5.83,-4.81,6.51,-9.75,20.25,-38.25,23.69,1.0,1.37,0.7784780727771335,1.088462040566434,-0.07840550194085161,-12.561458728935325,50.21272747501065,-78.33653305941664,-0.6396,-0.1094,0.4243,-0.6316
124,590346.0,292.894993,1.0,6.01,-4.21,6.54,-10.88,19.5,-39.5,-1.69,4.75,-1.63,0.22854667002192386,0.8446535611669139,0.016342201915714227,-12.58451568698019,49.9724050156561,-78.4400339000036,-0.6403,-0.1096,0.4224,-0.6323
125,590346.0,292.894993,1.0,6.01,-4.21,6.54,-10.88,19.5,-39.5,-1.69,4.75,-1.63,0.22854667002192386,0.8446535611669139,0.016342201915714227,-12.58451568698019,49.9724050156561,-78.4400339000036,-0.6403,-0.1096,0.4224,-0.6323
126,590381.0,292.921251,1.0,5.83,-4.14,6.7,-10.88,19.5,-39.5,9.38,8.38,-3.0,0.1824820589733167,1.0381955233836195,0.06460964115426826,-12.676748644427741,49.618672793409424,-78.51400980443368,-0.6414,-0.1104,0.4196,-0.6328
127,590381.0,292.921251,1.0,5.83,-4.14,6.7,-10.88,19.5,-39.5,9.38,8.38,-3.0,0.1824820589733167,1.0381955233836195,0.06460964115426826,-12.676748644427741,49.618672793409424,-78.51400980443368,-0.6414,-0.1104,0.4196,-0.6328
128,590413.0,292.950565,1.0,5.8,-4.03,6.58,-9.75,20.25,-38.69,18.69,15.81,-5.94,0.2427988569146429,0.8406809468578991,0.1935545432456518,-12.607573156584115,48.67364391258275,-78.7658205194529,-0.6447,-0.1098,0.4121,-0.6345
129,590413.0,292.950565,1.0,5.8,-4.03,6.58,-9.75,20.25,-38.69,18.69,15.81,-5.94,0.2427988569146429,0.8406809468578991,0.1935545432456518,-12.607573156584115,48.67364391258275,-78.7658205194529,-0.6447,-0.1098,0.4121,-0.6345
130,590450.0,293.02502400000003,1.0,5.73,-4.17,6.9,-10.5,19.06,-40.0,23.19,14.94,-1.37,0.3498216383951911,0.9731873993961928,-0.0301345918758944,-12.480763390340035,47.64442766376834,-79.40479322488903,-0.6458,-0.1087,0.4039,-0.6388
131,590450.0,293.02502400000003,1.0,5.73,-4.17,6.9,-10.5,19.06,-40.0,23.19,14.94,-1.37,0.3498216383951911,0.9731873993961928,-0.0301345918758944,-12.480763390340035,47.64442766376834,-79.40479322488903,-0.6458,-0.1087,0.4039,-0.6388
132,590483.0,293.04489700000005,1.0,5.63,-4.29,6.94,-10.5,19.06,-40.0,3.56,9.13,-3.94,0.512514579287712,1.0124171032655365,-0.04103705915419376,-12.400074265032766,47.093849573149654,-79.64330592338119,-0.647,-0.10800000000000001,0.3995,-0.6404
133,590483.0,293.04489700000005,1.0,5.63,-4.29,6.94,-10.5,19.06,-40.0,3.56,9.13,-3.94,0.512514579287712,1.0124171032655365,-0.04103705915419376,-12.400074265032766,47.093849573149654,-79.64330592338119,-0.647,-0.10800000000000001,0.3995,-0.6404
134,590518.0,293.094077,1.0,5.83,-3.74,6.79,-10.19,19.06,-39.5,1.19,4.19,-2.19,0.02631374044845014,0.6358832579837772,0.1280364593486567,-12.06585603312212,46.98137369898728,-79.50909171234422,-0.6489,-0.1051,0.3986,-0.6395
135,590518.0,293.094077,1.0,5.83,-3.74,6.79,-10.19,19.06,-39.5,1.19,4.19,-2.19,0.02631374044845014,0.6358832579837772,0.1280364593486567,-12.06585603312212,46.98137369898728,-79.50909171234422,-0.6489,-0.1051,0.3986,-0.6395
136,590553.0,293.104689,1.0,5.73,-3.89,6.96,-9.38,18.37,-40.69,7.88,7.0,-1.88,0.14870126369172748,0.8142975869703901,0.02291822863429616,-12.111948910357555,46.70663424071843,-79.6283867646292,-0.6495,-0.1055,0.3964,-0.6403
137,590553.0,293.104689,1.0,5.73,-3.89,6.96,-9.38,18.37,-40.69,7.88,7.0,-1.88,0.14870126369172748,0.8142975869703901,0.02291822863429616,-12.111948910357555,46.70663424071843,-79.6283867646292,-0.6495,-0.1055,0.3964,-0.6403
138,590589.0,293.125518,1.0,5.67,-4.05,7.07,-8.69,18.37,-39.88,12.31,8.94,-1.19,0.31693835571598583,0.8191390723787646,-0.08096150423996384,-11.823900394126868,45.92144367093,-80.03177487860853,-0.6509,-0.10300000000000001,0.3901,-0.643
139,590589.0,293.125518,1.0,5.67,-4.05,7.07,-8.69,18.37,-39.88,12.31,8.94,-1.19,0.31693835571598583,0.8191390723787646,-0.08096150423996384,-11.823900394126868,45.92144367093,-80.03177487860853,-0.6509,-0.10300000000000001,0.3901,-0.643
140,590622.0,293.170906,1.0,5.8,-4.05,6.8,-8.69,18.37,-39.88,3.94,5.19,-0.06,0.4143803463697603,0.4602818141199867,0.01385011538411085,-11.581997645669874,45.49863792387894,-80.39134544428752,-0.6509,-0.1009,0.3867,-0.6454
141,590622.0,293.170906,1.0,5.8,-4.05,6.8,-8.69,18.37,-39.88,3.94,5.19,-0.06,0.4143803463697603,0.4602818141199867,0.01385011538411085,-11.581997645669874,45.49863792387894,-80.39134544428752,-0.6509,-0.1009,0.3867,-0.6454
142,590659.0,293.191488,1.0,5.51,-3.72,7.07,-9.75,18.37,-39.88,-1.88,-3.31,-2.0,0.02746147762498713,0.7799094558290219,0.13326449605386692,-11.3631779010396,45.49863792387894,-80.36134487578603,-0.6514,-0.099,0.3867,-0.6452
143,590659.0,293.191488,1.0,5.51,-3.72,7.07,-9.75,18.37,-39.88,-1.88,-3.31,-2.0,0.02746147762498713,0.7799094558290219,0.13326449605386692,-11.3631779010396,45.49863792387894,-80.36134487578603,-0.6514,-0.099,0.3867,-0.6452
144,590694.0,293.240134,1.0,5.6,-3.88,7.12,-7.88,18.0,-40.25,2.75,1.75,-2.63,0.15362354718822596,0.7697557567221218,-0.01641855726572139,-11.409241734119899,45.47378742330781,-80.33135093865913,-0.6517,-0.0994,0.3865,-0.645
145,590694.0,293.240134,1.0,5.6,-3.88,7.12,-7.88,18.0,-40.25,2.75,1.75,-2.63,0.15362354718822596,0.7697557567221218,-0.01641855726572139,-11.409241734119899,45.47378742330781,-80.33135093865913,-0.6517,-0.0994,0.3865,-0.645
146,590727.0,293.308863,1.0,5.58,-4.01,7.03,-7.88,18.0,-40.25,2.63,0.0,-0.75,0.3150043906458981,0.6745751881222894,0.004450218856808519,-11.155913338134189,45.1509357631892,-80.55646739590921,-0.6521,-0.0972,0.3839,-0.6465
147,590727.0,293.308863,1.0,5.58,-4.01,7.03,-7.88,18.0,-40.25,2.63,0.0,-0.75,0.3150043906458981,0.6745751881222894,0.004450218856808519,-11.155913338134189,45.1509357631892,-80.55646739590921,-0.6521,-0.0972,0.3839,-0.6465
148,590761.0,293.317079,1.0,5.66,-3.71,7.02,-8.69,17.56,-41.06,-1.75,1.31,-0.5,0.022921641413303828,0.5147677414077823,0.06937169593777881,-10.937173775974523,44.989651826175965,-80.72179122194791,-0.652,-0.0953,0.3826,-0.6476
149,590761.0,293.317079,1.0,5.66,-3.71,7.02,-8.69,17.56,-41.06,-1.75,1.31,-0.5,0.022921641413303828,0.5147677414077823,0.06937169593777881,-10.937173775974523,44.989651826175965,-80.72179122194791,-0.652,-0.0953,0.3826,-0.6476
150,590798.0,293.336613,1.0,5.77,-3.7,7.04,-9.38,17.25,-39.88,2.56,2.94,-3.19,0.006150197464672158,0.4193878125197368,-0.010099769540888206,-10.868106466869214,44.85325420187507,-80.67668282320093,-0.6531,-0.0947,0.3815,-0.6473
151,590798.0,293.336613,1.0,5.77,-3.7,7.04,-9.38,17.25,-39.88,2.56,2.94,-3.19,0.006150197464672158,0.4193878125197368,-0.010099769540888206,-10.868106466869214,44.85325420187507,-80.67668282320093,-0.6531,-0.0947,0.3815,-0.6473
152,590833.0,293.38739300000003,1.0,5.66,-4.02,7.02,-9.38,17.25,-39.88,5.94,-0.06,2.94,0.3337209903770898,0.5119720963978973,-0.04743112779124736,-10.856595634361932,44.69214333160206,-80.8421541496524,-0.6528,-0.0946,0.3802,-0.6484
153,590833.0,293.38739300000003,1.0,5.66,-4.02,7.02,-9.38,17.25,-39.88,5.94,-0.06,2.94,0.3337209903770898,0.5119720963978973,-0.04743112779124736,-10.856595634361932,44.69214333160206,-80.8421541496524,-0.6528,-0.0946,0.3802,-0.6484
154,590866.0,293.405818,1.0,5.67,-3.73,6.99,-9.38,17.25,-39.88,-4.94,-0.81,-1.69,0.06323203157879081,0.4416949432679842,0.07408572909616673,-10.776022876638457,44.74170597311218,-80.8271028985237,-0.6528,-0.0939,0.3806,-0.6483
155,590866.0,293.405818,1.0,5.67,-3.73,6.99,-9.38,17.25,-39.88,-4.94,-0.81,-1.69,0.06323203157879081,0.4416949432679842,0.07408572909616673,-10.776022876638457,44.74170597311218,-80.8271028985237,-0.6528,-0.0939,0.3806,-0.6483
156,590901.0,293.49586400000004,1.0,5.69,-3.67,7.09,-7.88,18.0,-40.19,2.25,0.44,0.12,-0.034847677790383835,0.484965282939994,0.01498546766968012,-10.753003071870054,44.77888374446125,-80.72179122194791,-0.6532,-0.0937,0.3809,-0.6476
157,590901.0,293.49586400000004,1.0,5.69,-3.67,7.09,-7.88,18.0,-40.19,2.25,0.44,0.12,-0.034847677790383835,0.484965282939994,0.01498546766968012,-10.753003071870054,44.77888374446125,-80.72179122194791,-0.6532,-0.0937,0.3809,-0.6476
158,590938.0,293.50698700000004,1.0,5.61,-4.0,7.12,-9.06,17.25,-40.25,7.06,-0.37,2.63,0.2872082074055907,0.5863614239624662,-0.07971392846670433,-10.810553401892458,44.580659579875785,-80.97769128657099,-0.6524,-0.0942,0.3793,-0.6493
159,590938.0,293.50698700000004,1.0,5.61,-4.0,7.12,-9.06,17.25,-40.25,7.06,-0.37,2.63,0.2872082074055907,0.5863614239624662,-0.07971392846670433,-10.810553401892458,44.580659579875785,-80.97769128657099,-0.6524,-0.0942,0.3793,-0.6493
160,590970.0,293.546339,1.0,5.61,-3.7,7.04,-9.06,17.25,-40.25,-0.88,1.88,0.31,0.03385408303888815,0.48450663888214,0.08616610165724302,-10.741493332748478,44.5682752426895,-81.02290074748137,-0.6523,-0.0936,0.3792,-0.6496
161,590970.0,293.546339,1.0,5.61,-3.7,7.04,-9.06,17.25,-40.25,-0.88,1.88,0.31,0.03385408303888815,0.48450663888214,0.08616610165724302,-10.741493332748478,44.5682752426895,-81.02290074748137,-0.6523,-0.0936,0.3792,-0.6496
162,591007.0,293.55404500000003,1.0,5.57,-3.92,7.12,-8.25,17.25,-41.0,3.31,1.44,0.37,0.2183534764231671,0.5474833269785779,-0.028912198777169,-10.591876570929834,44.345450751183655,-81.17370917960935,-0.6526,-0.0923,0.3774,-0.6506
163,591007.0,293.55404500000003,1.0,5.57,-3.92,7.12,-8.25,17.25,-41.0,3.31,1.44,0.37,0.2183534764231671,0.5474833269785779,-0.028912198777169,-10.591876570929834,44.345450751183655,-81.17370917960935,-0.6526,-0.0923,0.3774,-0.6506
164,591042.0,293.572968,1.0,5.64,-3.72,7.1,-9.06,17.56,-40.69,-0.56,1.69,2.13,0.024166631487241352,0.4184464657976492,0.014698277836329153,-10.442277914805905,44.23410474921271,-81.3246878357526,-0.6523,-0.091,0.3765,-0.6516
165,591042.0,293.572968,1.0,5.64,-3.72,7.1,-9.06,17.56,-40.69,-0.56,1.69,2.13,0.024166631487241352,0.4184464657976492,0.014698277836329153,-10.442277914805905,44.23410474921271,-81.3246878357526,-0.6523,-0.091,0.3765,-0.6516
