TIME,ELAPSED_SECONDS,PSTATE,acc_x,acc_y,acc_z,mag_x,mag_y,mag_z,gyr_x,gyr_y,gyr_z,lin_x,lin_y,lin_z,eul_x,eul_y,eul_z,qua_w,qua_x,qua_y,qua_z,LABLE
2814842.0,224.355188,1.0,8.97,4.54,6.28,-3.5,14.69,-46.75,73.0,-473.38,18.75,-2.520896017263588,2.0390562710788016,-1.5950267535972031,-40.827870624577365,58.418423867531494,-17.914792407087575,-0.7848,-0.3488,0.488,-0.1557,0
2814842.0,224.355188,1.0,8.97,4.54,6.28,-3.5,14.69,-46.75,73.0,-473.38,18.75,-2.520896017263588,2.0390562710788016,-1.5950267535972031,-40.827870624577365,58.418423867531494,-17.914792407087575,-0.7848,-0.3488,0.488,-0.1557,0
2814879.0,224.402008,1.0,7.08,3.37,4.46,-18.25,13.19,-44.5,24.75,-300.88,-11.63,-2.710416026902887,2.2847936298444855,1.511575375252491,-43.35723698802017,67.2424412315755,-14.54632631618216,-0.7354,-0.3694,0.5537,-0.1266,0
2814879.0,224.402008,1.0,7.08,3.37,4.46,-18.25,13.19,-44.5,24.75,-300.88,-11.63,-2.710416026902887,2.2847936298444855,1.511575375252491,-43.35723698802017,67.2424412315755,-14.54632631618216,-0.7354,-0.3694,0.5537,-0.1266,0
2814916.0,224.418041,1.0,7.43,3.41,2.0,-37.69,12.0,-37.0,-9.44,-78.56,3.31,-1.4527166578424224,1.119925590441475,1.5927361348622924,-44.11043851170447,72.38499549855874,-12.204140573704523,-0.7064,-0.3755,0.5905,-0.1063,0
2814916.0,224.418041,1.0,7.43,3.41,2.0,-37.69,12.0,-37.0,-9.44,-78.56,3.31,-1.4527166578424224,1.119925590441475,1.5927361348622924,-44.11043851170447,72.38499549855874,-12.204140573704523,-0.7064,-0.3755,0.5905,-0.1063,0
2814951.0,224.420887,1.0,4.4,3.04,6.27,-37.69,12.0,-37.0,-3.94,111.25,14.88,-5.248121982528851,3.2394404226468403,4.340596450626459,-43.72741569250491,71.7897644729481,-12.66521907501552,-0.7109,-0.3724,0.5863,-0.1103,0
2814951.0,224.420887,1.0,4.4,3.04,6.27,-37.69,12.0,-37.0,-3.94,111.25,14.88,-5.248121982528851,3.2394404226468403,4.340596450626459,-43.72741569250491,71.7897644729481,-12.66521907501552,-0.7109,-0.3724,0.5863,-0.1103,0
2814986.0,224.423588,1.0,5.78,3.23,10.24,-45.19,12.75,-30.19,-94.19,563.44,-16.0,-5.840306227007392,5.209440775275277,0.45510200067507434,-39.80249219587673,57.98563819390608,-17.485694626999514,-0.7913,-0.3404,0.4847,-0.152,0
2814986.0,224.423588,1.0,5.78,3.23,10.24,-45.19,12.75,-30.19,-94.19,563.44,-16.0,-5.840306227007392,5.209440775275277,0.45510200067507434,-39.80249219587673,57.98563819390608,-17.485694626999514,-0.7913,-0.3404,0.4847,-0.152,0
2815023.0,224.462604,1.0,12.49,4.98,2.89,-40.0,13.38,-37.56,-88.37,548.94,-29.87,4.8785660128549555,-3.745790358091288,-2.494620188539349,-33.23726531919248,38.841171491163834,-21.637178319468855,-0.8788,-0.286,0.3325,-0.1877,0
2815023.0,224.462604,1.0,12.49,4.98,2.89,-40.0,13.38,-37.56,-88.37,548.94,-29.87,4.8785660128549555,-3.745790358091288,-2.494620188539349,-33.23726531919248,38.841171491163834,-21.637178319468855,-0.8788,-0.286,0.3325,-0.1877,0
2815059.0,224.480477,1.0,12.88,4.05,-0.63,-16.0,14.88,-46.38,8.44,132.94,1.06,7.99265754563109,-6.322988865195619,0.9279655721763334,-31.43565821002521,31.935947193238352,-23.65899809735879,-0.8994,-0.2709,0.2751,-0.205,0
2815059.0,224.480477,1.0,12.88,4.05,-0.63,-16.0,14.88,-46.38,8.44,132.94,1.06,7.99265754563109,-6.322988865195619,0.9279655721763334,-31.43565821002521,31.935947193238352,-23.65899809735879,-0.8994,-0.2709,0.2751,-0.205,0
2815094.0,224.483404,1.0,11.49,4.3,1.45,-16.0,14.88,-46.38,33.19,-139.06,5.75,5.573652537996234,-4.424636358016099,-0.2913493308085595,-33.28510299804687,35.263734790800676,-23.109005518751953,-0.8866,-0.2864,0.3029,-0.2003,0
2815094.0,224.483404,1.0,11.49,4.3,1.45,-16.0,14.88,-46.38,33.19,-139.06,5.75,5.573652537996234,-4.424636358016099,-0.2913493308085595,-33.28510299804687,35.263734790800676,-23.109005518751953,-0.8866,-0.2864,0.3029,-0.2003,0
2815131.0,224.522512,1.0,9.15,4.34,5.81,-4.75,14.5,-48.5,72.44,-447.56,35.44,0.24001518720598203,0.188630584863418,-1.864725720640843,-36.963188541465996,45.66022134435174,-20.984205642908503,-0.8461,-0.317,0.388,-0.1821,0
2815131.0,224.522512,1.0,9.15,4.34,5.81,-4.75,14.5,-48.5,72.44,-447.56,35.44,0.24001518720598203,0.188630584863418,-1.864725720640843,-36.963188541465996,45.66022134435174,-20.984205642908503,-0.8461,-0.317,0.388,-0.1821,0
2815168.0,224.589141,1.0,7.91,4.2,5.79,-16.37,13.38,-46.88,29.56,-396.81,12.5,-2.8735591961405857,2.0472754233110124,-0.25732142719426854,-41.170419056338964,60.82208696099747,-16.929394296591497,-0.7736,-0.3516,0.5062,-0.1472,0
2815168.0,224.589141,1.0,7.91,4.2,5.79,-16.37,13.38,-46.88,29.56,-396.81,12.5,-2.8735591961405857,2.0472754233110124,-0.25732142719426854,-41.170419056338964,60.82208696099747,-16.929394296591497,-0.7736,-0.3516,0.5062,-0.1472,0
2815203.0,224.687442,1.0,6.99,3.7,3.59,-16.37,13.38,-46.88,1.31,-229.94,6.25,-2.440971446764649,1.3733872304154167,1.5851132877173395,-42.532210288778515,68.29149832235984,-14.211377245158012,-0.7335,-0.3627,0.5613,-0.1237,0
2815203.0,224.687442,1.0,6.99,3.7,3.59,-16.37,13.38,-46.88,1.31,-229.94,6.25,-2.440971446764649,1.3733872304154167,1.5851132877173395,-42.532210288778515,68.29149832235984,-14.211377245158012,-0.7335,-0.3627,0.5613,-0.1237,0
2815236.0,224.709657,1.0,7.89,4.48,1.32,-35.69,12.69,-39.38,-10.69,-64.56,9.0,-1.4569584820848398,-0.18353217218525497,0.7563191815572825,-42.51991407307619,72.5981261731199,-12.561458728935326,-0.7114,-0.3626,0.592,-0.1094,0
2815236.0,224.709657,1.0,7.89,4.48,1.32,-35.69,12.69,-39.38,-10.69,-64.56,9.0,-1.4569584820848398,-0.18353217218525497,0.7563191815572825,-42.51991407307619,72.5981261731199,-12.561458728935326,-0.7114,-0.3626,0.592,-0.1094,0
2815272.0,224.751066,1.0,4.74,3.8,6.47,-44.19,15.5,-32.19,7.06,91.44,9.81,-5.633950559476783,2.6786862257634603,3.493826448111639,-42.028484200807156,70.49365903494044,-13.703410648771607,-0.724,-0.3586,0.5771,-0.1193,0
2815272.0,224.751066,1.0,4.74,3.8,6.47,-44.19,15.5,-32.19,7.06,91.44,9.81,-5.633950559476783,2.6786862257634603,3.493826448111639,-42.028484200807156,70.49365903494044,-13.703410648771607,-0.724,-0.3586,0.5771,-0.1193,0
2815309.0,224.773362,1.0,6.27,3.41,9.98,-45.25,14.06,-32.69,-40.0,455.5,-11.44,-6.104256546237932,5.073516408225395,0.45042836553776944,-39.973155592420554,61.234428672679336,-16.801965875210325,-0.7762,-0.3418,0.5093,-0.1461,0
2815309.0,224.773362,1.0,6.27,3.41,9.98,-45.25,14.06,-32.69,-40.0,455.5,-11.44,-6.104256546237932,5.073516408225395,0.45042836553776944,-39.973155592420554,61.234428672679336,-16.801965875210325,-0.7762,-0.3418,0.5093,-0.1461,0
2815344.0,224.776397,1.0,11.71,4.34,4.66,-45.25,14.06,-32.69,-103.31,541.0,-42.5,3.189569793888233,-1.587566395456254,-3.037865462637498,-33.90753998612701,42.2372423793781,-21.019168663575197,-0.8671,-0.2916,0.3603,-0.1824,0
2815344.0,224.776397,1.0,11.71,4.34,4.66,-45.25,14.06,-32.69,-103.31,541.0,-42.5,3.189569793888233,-1.587566395456254,-3.037865462637498,-33.90753998612701,42.2372423793781,-21.019168663575197,-0.8671,-0.2916,0.3603,-0.1824,0
2815381.0,224.813866,1.0,13.5,4.57,-1.42,-29.19,14.38,-44.38,-1.5,194.38,1.19,8.315088320695173,-7.10872922824243,0.5612957624074557,-31.399946914402907,34.02735703924717,-23.214281072524358,-0.8948,-0.2706,0.2926,-0.2012,0
2815381.0,224.813866,1.0,13.5,4.57,-1.42,-29.19,14.38,-44.38,-1.5,194.38,1.19,8.315088320695173,-7.10872922824243,0.5612957624074557,-31.399946914402907,34.02735703924717,-23.214281072524358,-0.8948,-0.2706,0.2926,-0.2012,0
2815418.0,224.820406,1.0,9.62,3.63,3.22,-7.88,14.06,-48.88,23.87,-91.87,1.37,3.981605750197525,-2.7422568438042427,0.17770701270369038,-32.15054762531955,33.83566809114509,-23.460001474635348,-0.8929,-0.2769,0.291,-0.2033,0
2815418.0,224.820406,1.0,9.62,3.63,3.22,-7.88,14.06,-48.88,23.87,-91.87,1.37,3.981605750197525,-2.7422568438042427,0.17770701270369038,-32.15054762531955,33.83566809114509,-23.460001474635348,-0.8929,-0.2769,0.291,-0.2033,0
2815453.0,224.837702,1.0,13.53,4.49,0.47,-7.88,14.06,-48.88,61.38,-355.19,20.25,6.61656357359966,-4.720029245065126,-1.9144553404635847,-34.80711013090355,40.71784682431407,-22.01062364188303,-0.8678,-0.2991,0.3479,-0.1909,0
2815453.0,224.837702,1.0,13.53,4.49,0.47,-7.88,14.06,-48.88,61.38,-355.19,20.25,6.61656357359966,-4.720029245065126,-1.9144553404635847,-34.80711013090355,40.71784682431407,-22.01062364188303,-0.8678,-0.2991,0.3479,-0.1909,0
2815488.0,224.926893,1.0,9.14,4.07,6.49,-6.06,13.56,-47.75,68.87,-461.38,17.81,-2.091656692151221,2.384327977915576,-1.6896342856249866,-40.461276767806375,57.266331564096724,-18.181656180152796,-0.7911,-0.3458,0.4792,-0.158,0
2815488.0,224.926893,1.0,9.14,4.07,6.49,-6.06,13.56,-47.75,68.87,-461.38,17.81,-2.091656692151221,2.384327977915576,-1.6896342856249866,-40.461276767806375,57.266331564096724,-18.181656180152796,-0.7911,-0.3458,0.4792,-0.158,0
2815522.0,224.96856,1.0,4.98,2.97,6.89,-22.87,13.56,-44.56,5.56,-222.81,0.5,-4.892382832782564,3.6256528155202736,3.172448323927407,-42.556804261043354,66.48722575330268,-14.84673166768115,-0.7424,-0.3629,0.5482,-0.1292,0
2815522.0,224.96856,1.0,4.98,2.97,6.89,-22.87,13.56,-44.56,5.56,-222.81,0.5,-4.892382832782564,3.6256528155202736,3.172448323927407,-42.556804261043354,66.48722575330268,-14.84673166768115,-0.7424,-0.3629,0.5482,-0.1292,0
2815559.0,225.043856,1.0,8.11,4.66,1.51,-38.5,12.88,-37.5,-11.63,-30.37,11.13,-1.0722467176474875,-0.5068737237118222,0.4065879786777611,-42.212674983629135,68.13926040565448,-14.269118297459285,-0.7355,-0.3601,0.5602,-0.1242,0
2815559.0,225.043856,1.0,8.11,4.66,1.51,-38.5,12.88,-37.5,-11.63,-30.37,11.13,-1.0722467176474875,-0.5068737237118222,0.4065879786777611,-42.212674983629135,68.13926040565448,-14.269118297459285,-0.7355,-0.3601,0.5602,-0.1242,0
2815594.0,225.101155,1.0,8.28,3.83,1.45,-38.5,12.88,-37.5,-3.25,34.25,-1.69,-0.38181648606412427,-0.014821305275233065,0.5771431605269637,-41.93029563540066,67.42142956285187,-14.500119080393963,-0.7403,-0.3578,0.555,-0.1262,0
2815594.0,225.101155,1.0,8.28,3.83,1.45,-38.5,12.88,-37.5,-3.25,34.25,-1.69,-0.38181648606412427,-0.014821305275233065,0.5771431605269637,-41.93029563540066,67.42142956285187,-14.500119080393963,-0.7403,-0.3578,0.555,-0.1262,0
2815631.0,225.149069,1.0,9.52,3.86,-0.09,-41.0,13.06,-35.5,-12.63,84.25,0.56,1.4510448346699318,-1.0660710746032003,-0.30750153889203524,-41.37858245579029,65.47622986306104,-15.089441590206313,-0.752,-0.3533,0.5408,-0.1313,0
2815631.0,225.149069,1.0,9.52,3.86,-0.09,-41.0,13.06,-35.5,-12.63,84.25,0.56,1.4510448346699318,-1.0660710746032003,-0.30750153889203524,-41.37858245579029,65.47622986306104,-15.089441590206313,-0.752,-0.3533,0.5408,-0.1313,0
2815668.0,225.260997,1.0,9.24,4.09,0.6,-39.19,13.88,-38.5,-5.25,50.75,2.31,0.982583644168884,-1.0854949351026324,-0.20943357233895732,-40.77896631080099,63.55203409539646,-15.806415466969177,-0.7632,-0.3484,0.5266,-0.1375,0
2815668.0,225.260997,1.0,9.24,4.09,0.6,-39.19,13.88,-38.5,-5.25,50.75,2.31,0.982583644168884,-1.0854949351026324,-0.20943357233895732,-40.77896631080099,63.55203409539646,-15.806415466969177,-0.7632,-0.3484,0.5266,-0.1375,0
2815700.0,225.272947,1.0,8.64,3.89,1.46,-39.19,13.88,-38.5,1.25,11.25,-1.88,0.314592747603545,-0.4995438404504231,0.2377008751157348,-40.73006975326216,63.04051613304179,-15.945255673236543,-0.7657,-0.348,0.5228,-0.1387,0
2815700.0,225.272947,1.0,8.64,3.89,1.46,-39.19,13.88,-38.5,1.25,11.25,-1.88,0.314592747603545,-0.4995438404504231,0.2377008751157348,-40.73006975326216,63.04051613304179,-15.945255673236543,-0.7657,-0.348,0.5228,-0.1387,0
2815735.0,225.317802,1.0,8.49,3.79,1.72,-37.25,14.19,-39.56,0.88,14.19,-0.06,0.1861235173326375,-0.319486104985113,0.35858741209250944,-40.69340241756593,62.570617174057595,-16.1419863535435,-0.7679,-0.3477,0.5193,-0.1404,0
2815735.0,225.317802,1.0,8.49,3.79,1.72,-37.25,14.19,-39.56,0.88,14.19,-0.06,0.1861235173326375,-0.319486104985113,0.35858741209250944,-40.69340241756593,62.570617174057595,-16.1419863535435,-0.7679,-0.3477,0.5193,-0.1404,0
2815770.0,225.374131,1.0,8.79,3.93,1.54,-37.0,13.5,-39.56,-4.0,25.69,0.06,0.43902104032276346,-0.5712105553881932,0.08237218478066133,-40.52234562197142,61.99490997256027,-16.327188391573927,-0.7712,-0.3463,0.515,-0.142,0
2815770.0,225.374131,1.0,8.79,3.93,1.54,-37.0,13.5,-39.56,-4.0,25.69,0.06,0.43902104032276346,-0.5712105553881932,0.08237218478066133,-40.52234562197142,61.99490997256027,-16.327188391573927,-0.7712,-0.3463,0.515,-0.142,0
2815807.0,225.393126,1.0,9.36,4.02,0.88,-35.06,13.06,-40.0,1.06,5.94,0.88,1.171356913440376,-1.0823972078748416,-0.2928915374025891,-40.36359153375482,61.420935291391,-16.524012627926176,-0.7743,-0.345,0.5107,-0.1437,0
2815807.0,225.393126,1.0,9.36,4.02,0.88,-35.06,13.06,-40.0,1.06,5.94,0.88,1.171356913440376,-1.0823972078748416,-0.2928915374025891,-40.36359153375482,61.420935291391,-16.524012627926176,-0.7743,-0.345,0.5107,-0.1437,0
2815842.0,225.445005,1.0,8.96,3.81,1.36,-35.06,13.06,-40.0,3.75,-3.5,0.63,0.7733392766867505,-0.6441890372357422,0.02737258050529867,-40.461276767806375,61.46092444240136,-16.570331326030242,-0.7737,-0.3458,0.511,-0.1441,0
2815842.0,225.445005,1.0,8.96,3.81,1.36,-35.06,13.06,-40.0,3.75,-3.5,0.63,0.7733392766867505,-0.6441890372357422,0.02737258050529867,-40.461276767806375,61.46092444240136,-16.570331326030242,-0.7737,-0.3458,0.511,-0.1441,0
2815879.0,225.484553,1.0,8.8,3.89,1.39,-35.06,13.88,-40.75,0.75,1.25,0.37,0.6227001475222077,-0.6962271451218429,0.1303019136261252,-40.4979166397379,61.527591471642566,-16.605072138436235,-0.7732,-0.3461,0.5115,-0.1444,0
2815879.0,225.484553,1.0,8.8,3.89,1.39,-35.06,13.88,-40.75,0.75,1.25,0.37,0.6227001475222077,-0.6962271451218429,0.1303019136261252,-40.4979166397379,61.527591471642566,-16.605072138436235,-0.7732,-0.3461,0.5115,-0.1444,0
2815913.0,225.500907,1.0,9.03,3.83,1.33,-35.75,13.88,-39.56,0.44,3.44,-0.37,0.769388596767068,-0.6334068587524719,-0.04147352372014623,-40.64451940316256,61.687686660703456,-16.605072138436235,-0.7718,-0.3473,0.5127,-0.1444,0
2815913.0,225.500907,1.0,9.03,3.83,1.33,-35.75,13.88,-39.56,0.44,3.44,-0.37,0.769388596767068,-0.6334068587524719,-0.04147352372014623,-40.64451940316256,61.687686660703456,-16.605072138436235,-0.7718,-0.3473,0.5127,-0.1444,0
2815948.0,225.503839,1.0,9.39,3.86,0.75,-35.75,13.88,-39.56,1.25,-9.25,-0.19,1.2776819368225694,-0.9717925680459949,-0.24607838949744654,-40.75451706328899,61.887993705876426,-16.55875139620892,-0.7705,-0.3482,0.5142,-0.144,0
2815948.0,225.503839,1.0,9.39,3.86,0.75,-35.75,13.88,-39.56,1.25,-9.25,-0.19,1.2776819368225694,-0.9717925680459949,-0.24607838949744654,-40.75451706328899,61.887993705876426,-16.55875139620892,-0.7705,-0.3482,0.5142,-0.144,0
2815983.0,225.519041,1.0,8.83,4.0,1.38,-34.19,13.5,-39.25,4.81,-24.0,-0.31,0.44796237399189237,-0.6481703103314171,0.04691101986879609,-40.93793375462537,62.39638163911369,-16.396650200988272,-0.7675,-0.3497,0.518,-0.1426,0
2815983.0,225.519041,1.0,8.83,4.0,1.38,-34.19,13.5,-39.25,4.81,-24.0,-0.31,0.44796237399189237,-0.6481703103314171,0.04691101986879609,-40.93793375462537,62.39638163911369,-16.396650200988272,-0.7675,-0.3497,0.518,-0.1426,0
2816020.0,225.546222,1.0,10.13,3.89,-0.31,-35.5,13.06,-40.0,4.38,-39.13,-1.94,2.1167122221742782,-1.3969049963791682,-0.7485992059443607,-41.256116153254155,63.25572065292907,-16.03782888845279,-0.7625,-0.3523,0.5244,-0.1395,0
2816020.0,225.546222,1.0,10.13,3.89,-0.31,-35.5,13.06,-40.0,4.38,-39.13,-1.94,2.1167122221742782,-1.3969049963791682,-0.7485992059443607,-41.256116153254155,63.25572065292907,-16.03782888845279,-0.7625,-0.3523,0.5244,-0.1395,0
2816055.0,225.605295,1.0,11.06,4.31,-1.59,-35.5,13.06,-40.0,11.13,-107.81,-2.44,2.840099649991931,-2.0890108110670473,-1.6387712595850221,-41.819872014974116,65.3264377646757,-15.29753283007483,-0.7507,-0.3569,0.5397,-0.1331,0
2816055.0,225.605295,1.0,11.06,4.31,-1.59,-35.5,13.06,-40.0,11.13,-107.81,-2.44,2.840099649991931,-2.0890108110670473,-1.6387712595850221,-41.819872014974116,65.3264377646757,-15.29753283007483,-0.7507,-0.3569,0.5397,-0.1331,0
2816090.0,225.662618,1.0,8.73,4.13,0.77,-35.75,13.06,-39.25,4.44,-140.38,-12.31,-0.2763894694757579,-0.16105637906476167,0.12365616008016644,-43.07375512826058,70.19926439078702,-13.195714475135587,-0.7221,-0.3671,0.575,-0.1149,0
2816090.0,225.662618,1.0,8.73,4.13,0.77,-35.75,13.06,-39.25,4.44,-140.38,-12.31,-0.2763894694757579,-0.16105637906476167,0.12365616008016644,-43.07375512826058,70.19926439078702,-13.195714475135587,-0.7221,-0.3671,0.575,-0.1149,0
2816124.0,225.675304,1.0,9.5,4.56,-1.04,-42.5,13.88,-36.0,-2.88,-148.19,-12.88,0.4600982839687385,-0.7741264198138884,-0.743906281790796,-43.96211035016288,74.81791076036653,-10.72998370230972,-0.6943,-0.3743,0.6075,-0.0935,0
2816124.0,225.675304,1.0,9.5,4.56,-1.04,-42.5,13.88,-36.0,-2.88,-148.19,-12.88,0.4600982839687385,-0.7741264198138884,-0.743906281790796,-43.96211035016288,74.81791076036653,-10.72998370230972,-0.6943,-0.3743,0.6075,-0.0935,0
2816161.0,225.683105,1.0,10.0,4.61,-2.89,-47.69,14.88,-30.0,-7.63,-185.0,-19.06,1.4533908370602406,-1.135271797976126,-1.4273614393510137,-44.64258950046725,78.78064705014359,-8.453062112264226,-0.6691,-0.3798,0.6346,-0.0737,0
2816161.0,225.683105,1.0,10.0,4.61,-2.89,-47.69,14.88,-30.0,-7.63,-185.0,-19.06,1.4533908370602406,-1.135271797976126,-1.4273614393510137,-44.64258950046725,78.78064705014359,-8.453062112264226,-0.6691,-0.3798,0.6346,-0.0737,0
2816196.0,225.68613,1.0,9.82,4.41,-3.63,-47.69,14.88,-30.0,-9.06,-196.56,-21.0,1.2608740810206784,-0.43253902580267023,-1.4752162703901934,-45.47378742330781,84.90830040880186,-4.791323123878448,-0.6271,-0.3865,0.675,-0.0418,0
2816196.0,225.68613,1.0,9.82,4.41,-3.63,-47.69,14.88,-30.0,-9.06,-196.56,-21.0,1.2608740810206784,-0.43253902580267023,-1.4752162703901934,-45.47378742330781,84.90830040880186,-4.791323123878448,-0.6271,-0.3865,0.675,-0.0418,0
2816231.0,225.727812,1.0,9.58,5.45,-5.34,-54.38,14.88,-21.25,-14.19,-238.88,-23.44,1.27412003024638,-1.2186594568992577,-2.313002935486022,-45.88411078347371,90.11239605684217,-1.5928739664684124,-0.5889,-0.3898,0.7078,-0.0139,0
2816231.0,225.727812,1.0,9.58,5.45,-5.34,-54.38,14.88,-21.25,-14.19,-238.88,-23.44,1.27412003024638,-1.2186594568992577,-2.313002935486022,-45.88411078347371,90.11239605684217,-1.5928739664684124,-0.5889,-0.3898,0.7078,-0.0139,0
2816270.0,225.744972,1.0,9.81,5.62,-7.72,-59.69,14.19,-9.75,-13.19,-251.94,-41.69,1.9490487445776723,-0.6667590592518571,-3.727585898201486,-46.544421900804586,96.99036426880296,3.2548379133840775,-0.5312,-0.3951,0.7489,0.0284,0
2816270.0,225.744972,1.0,9.81,5.62,-7.72,-59.69,14.19,-9.75,-13.19,-251.94,-41.69,1.9490487445776723,-0.6667590592518571,-3.727585898201486,-46.544421900804586,96.99036426880296,3.2548379133840775,-0.5312,-0.3951,0.7489,0.0284,0
2816305.0,225.78577,1.0,8.76,6.51,-8.66,-59.69,14.19,-9.75,-13.88,-284.56,-49.13,1.3195469729868483,-0.8364197067032721,-4.037933701228422,-47.03135704516996,102.35649190819593,7.396290017779931,-0.4792,-0.399,0.7791,0.0645,0
2816305.0,225.78577,1.0,8.76,6.51,-8.66,-59.69,14.19,-9.75,-13.88,-284.56,-49.13,1.3195469729868483,-0.8364197067032721,-4.037933701228422,-47.03135704516996,102.35649190819593,7.396290017779931,-0.4792,-0.399,0.7791,0.0645,0
2816339.0,225.849025,1.0,6.33,7.05,-7.28,-61.88,11.56,5.88,-5.88,-252.38,-63.63,-0.7201993836702933,-0.8823166587117988,-2.0875767576131476,-47.682009473276445,108.66217014935283,12.94196455075679,-0.4049,-0.4042,0.8124,0.1127,0
2816339.0,225.849025,1.0,6.33,7.05,-7.28,-61.88,11.56,5.88,-5.88,-252.38,-63.63,-0.7201993836702933,-0.8823166587117988,-2.0875767576131476,-47.682009473276445,108.66217014935283,12.94196455075679,-0.4049,-0.4042,0.8124,0.1127,0
2816374.0,225.862902,1.0,4.32,6.2,-6.65,-59.88,7.5,24.87,-13.13,-214.38,-72.69,-0.8020966474143809,-0.5334889905584506,-0.2131768680231989,-48.77427785199285,112.15639729539849,17.85679155473376,-0.3419,-0.4129,0.8298,0.1552,0
2816374.0,225.862902,1.0,4.32,6.2,-6.65,-59.88,7.5,24.87,-13.13,-214.38,-72.69,-0.8020966474143809,-0.5334889905584506,-0.2131768680231989,-48.77427785199285,112.15639729539849,17.85679155473376,-0.3419,-0.4129,0.8298,0.1552,0
2816411.0,225.877307,1.0,3.08,6.96,-8.13,-53.69,1.37,37.06,-43.5,-180.75,-72.94,-0.10199130750549013,-1.0333259177038943,-1.2814848891955144,-49.37892761089463,113.33587511663836,21.730517688284202,-0.3032,-0.4177,0.8355,0.1885,0
2816411.0,225.877307,1.0,3.08,6.96,-8.13,-53.69,1.37,37.06,-43.5,-180.75,-72.94,-0.10199130750549013,-1.0333259177038943,-1.2814848891955144,-49.37892761089463,113.33587511663836,21.730517688284202,-0.3032,-0.4177,0.8355,0.1885,0
2816446.0,225.880601,1.0,2.48,6.66,-9.07,-53.69,1.37,37.06,-42.63,-169.25,-81.31,0.4664628931833128,0.09759361780497411,-1.7061162989850889,-50.11151035967971,113.73315185618262,27.006438787370872,-0.2549,-0.4235,0.8374,0.2335,0
2816446.0,225.880601,1.0,2.48,6.66,-9.07,-53.69,1.37,37.06,-42.63,-169.25,-81.31,0.4664628931833128,0.09759361780497411,-1.7061162989850889,-50.11151035967971,113.73315185618262,27.006438787370872,-0.2549,-0.4235,0.8374,0.2335,0
2816483.0,225.922874,1.0,1.61,6.0,-9.01,-44.5,-7.06,46.38,-46.44,-153.06,-82.0,0.9301714542340844,0.6602114138301016,-1.0777931164288983,-50.73212580885688,113.23167638730345,30.72202173608123,-0.2216,-0.4284,0.835,0.2649,0
2816483.0,225.922874,1.0,1.61,6.0,-9.01,-44.5,-7.06,46.38,-46.44,-153.06,-82.0,0.9301714542340844,0.6602114138301016,-1.0777931164288983,-50.73212580885688,113.23167638730345,30.72202173608123,-0.2216,-0.4284,0.835,0.2649,0
2816520.0,225.939984,1.0,0.99,6.24,-8.52,-32.38,-18.87,52.38,-53.25,-145.13,-75.94,0.440573729916375,1.089382232815165,-0.7350406205472684,-51.214517795618676,111.99230089793315,35.67278424373712,-0.179,-0.4322,0.829,0.3063,0
2816520.0,225.939984,1.0,0.99,6.24,-8.52,-32.38,-18.87,52.38,-53.25,-145.13,-75.94,0.440573729916375,1.089382232815165,-0.7350406205472684,-51.214517795618676,111.99230089793315,35.67278424373712,-0.179,-0.4322,0.829,0.3063,0
2816555.0,225.983718,1.0,0.31,5.8,-8.59,-32.38,-18.87,52.38,-67.31,-135.06,-67.37,0.9146333183163884,1.5907509770930757,-0.39909138521562504,-51.35433895468569,110.59113537677602,39.412748927463014,-0.1506,-0.4333,0.8221,0.3372,0
2816555.0,225.983718,1.0,0.31,5.8,-8.59,-32.38,-18.87,52.38,-67.31,-135.06,-67.37,0.9146333183163884,1.5907509770930757,-0.39909138521562504,-51.35433895468569,110.59113537677602,39.412748927463014,-0.1506,-0.4333,0.8221,0.3372,0
2816589.0,226.036161,1.0,-0.89,8.29,-7.43,-20.37,-26.5,52.56,-71.31,-141.63,-63.75,-0.7043302860377807,0.3373349826079659,-1.3338717094029668,-50.99859116157064,108.2309531214748,44.75409801174843,-0.1148,-0.4305,0.8102,0.3807,0
2816589.0,226.036161,1.0,-0.89,8.29,-7.43,-20.37,-26.5,52.56,-71.31,-141.63,-63.75,-0.7043302860377807,0.3373349826079659,-1.3338717094029668,-50.99859116157064,108.2309531214748,44.75409801174843,-0.1148,-0.4305,0.8102,0.3807,0
2816624.0,226.068065,1.0,-1.77,7.25,-6.54,-9.06,-34.69,49.06,-46.75,-131.5,-81.37,-0.3054473913417084,0.5542128822388959,-0.09620564735157622,-51.16369401723819,105.59432972823151,49.22762840488876,-0.0753,-0.4318,0.7965,0.4165,0
2816624.0,226.068065,1.0,-1.77,7.25,-6.54,-9.06,-34.69,49.06,-46.75,-131.5,-81.37,-0.3054473913417084,0.5542128822388959,-0.09620564735157622,-51.16369401723819,105.59432972823151,49.22762840488876,-0.0753,-0.4318,0.7965,0.4165,0
2816661.0,226.071699,1.0,-2.25,7.68,-6.8,0.56,-40.5,40.88,-43.38,-115.87,-91.69,-0.43094206720259853,0.9999718656194441,-0.6384084106880277,-51.69788502797172,103.14587806891127,52.24604776210595,-0.0471,-0.436,0.7834,0.4403,0
2816661.0,226.071699,1.0,-2.25,7.68,-6.8,0.56,-40.5,40.88,-43.38,-115.87,-91.69,-0.43094206720259853,0.9999718656194441,-0.6384084106880277,-51.69788502797172,103.14587806891127,52.24604776210595,-0.0471,-0.436,0.7834,0.4403,0
2816696.0,226.130162,1.0,-2.71,8.41,-6.53,0.56,-40.5,40.88,-29.31,-110.37,-106.19,-1.238580096724088,1.3372925888146052,-1.028047405830053,-52.885068549726356,99.67174578184968,55.640597444132574,-0.0076,-0.4453,0.7642,0.4667,0
2816696.0,226.130162,1.0,-2.71,8.41,-6.53,0.56,-40.5,40.88,-29.31,-110.37,-106.19,-1.238580096724088,1.3372925888146052,-1.028047405830053,-52.885068549726356,99.67174578184968,55.640597444132574,-0.0076,-0.4453,0.7642,0.4667,0
2816733.0,226.182646,1.0,-3.73,8.26,-6.07,8.19,-42.88,33.06,-5.56,-107.37,-125.37,-1.2421660688139073,1.0525877951712777,-0.9791963919594142,-54.16847683303728,96.97307368097871,57.488397883021776,0.0262,-0.4553,0.7488,0.4809,0
2816733.0,226.182646,1.0,-3.73,8.26,-6.07,8.19,-42.88,33.06,-5.56,-107.37,-125.37,-1.2421660688139073,1.0525877951712777,-0.9791963919594142,-54.16847683303728,96.97307368097871,57.488397883021776,0.0262,-0.4553,0.7488,0.4809,0
2816770.0,226.190293,1.0,-4.05,6.85,-5.82,14.25,-40.88,26.06,4.69,-111.0,-138.19,-0.924645177680075,1.6763592502160565,0.13544268345424904,-56.211447262477904,93.15420041095278,59.313125954036636,0.0759,-0.4711,0.7263,0.4948,0
2816770.0,226.190293,1.0,-4.05,6.85,-5.82,14.25,-40.88,26.06,4.69,-111.0,-138.19,-0.924645177680075,1.6763592502160565,0.13544268345424904,-56.211447262477904,93.15420041095278,59.313125954036636,0.0759,-0.4711,0.7263,0.4948,0
2816804.0,226.193011,1.0,-4.72,5.21,-4.74,14.25,-40.88,26.06,5.56,-104.62,-136.38,-0.2268494630831912,1.0577018307046973,1.3971371628361933,-57.72378450652888,90.17730092675498,60.331073923272086,0.114,-0.4827,0.7082,0.5025,0
2816804.0,226.193011,1.0,-4.72,5.21,-4.74,14.25,-40.88,26.06,5.56,-104.62,-136.38,-0.2268494630831912,1.0577018307046973,1.3971371628361933,-57.72378450652888,90.17730092675498,60.331073923272086,0.114,-0.4827,0.7082,0.5025,0
2816839.0,226.2823,1.0,-5.23,4.11,-3.81,16.06,-36.56,20.87,5.31,-102.75,-127.06,0.019667842576900685,0.6653455603436835,2.1700258465340614,-59.3526893320487,86.1570415333954,61.594281596490234,0.1619,-0.4951,0.683,0.512,0
2816839.0,226.2823,1.0,-5.23,4.11,-3.81,16.06,-36.56,20.87,5.31,-102.75,-127.06,0.019667842576900685,0.6653455603436835,2.1700258465340614,-59.3526893320487,86.1570415333954,61.594281596490234,0.1619,-0.4951,0.683,0.512,0
2816874.0,226.318635,1.0,-5.89,2.28,-2.12,18.5,-31.37,20.37,9.81,-82.94,-120.44,0.9137761506900608,-0.6907744744447664,3.243667158952369,-60.91512002849741,82.35592311764404,62.35619623181861,0.2039,-0.5069,0.6584,0.5177,0
2816874.0,226.318635,1.0,-5.89,2.28,-2.12,18.5,-31.37,20.37,9.81,-82.94,-120.44,0.9137761506900608,-0.6907744744447664,3.243667158952369,-60.91512002849741,82.35592311764404,62.35619623181861,0.2039,-0.5069,0.6584,0.5177,0
2816911.0,226.342225,1.0,-6.25,2.02,-2.93,19.75,-27.19,18.5,-4.44,-64.44,-100.06,1.1776833011183363,0.15991704585518396,2.7133229540566095,-62.03501902225592,79.68807312130106,62.82555919288418,0.2286,-0.5153,0.6407,0.5212,0
2816911.0,226.342225,1.0,-6.25,2.02,-2.93,19.75,-27.19,18.5,-4.44,-64.44,-100.06,1.1776833011183363,0.15991704585518396,2.7133229540566095,-62.03501902225592,79.68807312130106,62.82555919288418,0.2286,-0.5153,0.6407,0.5212,0
2816946.0,226.384241,1.0,-6.56,1.28,-2.84,19.75,-27.19,18.5,-1.81,-54.5,-82.25,1.5897325286756423,0.21932511664001164,2.7241188860209444,-63.20189622403351,76.7637741365913,63.22880649321045,0.255,-0.524,0.6209,0.5242,0
2816946.0,226.384241,1.0,-6.56,1.28,-2.84,19.75,-27.19,18.5,-1.81,-54.5,-82.25,1.5897325286756423,0.21932511664001164,2.7241188860209444,-63.20189622403351,76.7637741365913,63.22880649321045,0.255,-0.524,0.6209,0.5242,0
2816983.0,226.401358,1.0,-7.28,1.22,-0.57,21.87,-23.0,20.06,-4.31,-43.38,-64.06,1.1418824122571312,-1.939425271185011,2.753534789395057,-63.83532215478705,74.91892947359993,63.565514151411136,0.2706,-0.5287,0.6082,0.5267,0
2816983.0,226.401358,1.0,-7.28,1.22,-0.57,21.87,-23.0,20.06,-4.31,-43.38,-64.06,1.1418824122571312,-1.939425271185011,2.753534789395057,-63.83532215478705,74.91892947359993,63.565514151411136,0.2706,-0.5287,0.6082,0.5267,0
2817019.0,226.464406,1.0,-7.51,1.34,-0.49,23.75,-20.56,20.37,6.25,-16.44,-53.88,0.818436157517177,-1.9017666773835726,2.4480328907285873,-64.7556530727814,73.12509922631307,63.417287490539216,0.2867,-0.5355,0.5957,0.5256,0
2817019.0,226.464406,1.0,-7.51,1.34,-0.49,23.75,-20.56,20.37,6.25,-16.44,-53.88,0.818436157517177,-1.9017666773835726,2.4480328907285873,-64.7556530727814,73.12509922631307,63.417287490539216,0.2867,-0.5355,0.5957,0.5256,0
2817054.0,226.468371,1.0,-8.71,1.08,-0.36,23.75,-20.56,20.37,9.31,5.88,-48.81,1.1303662597558288,-2.410445602468786,1.435740603981877,-65.62614795647175,72.2714443625658,62.78528219858726,0.2953,-0.5419,0.5897,0.5209,0
2817054.0,226.468371,1.0,-8.71,1.08,-0.36,23.75,-20.56,20.37,9.31,5.88,-48.81,1.1303662597558288,-2.410445602468786,1.435740603981877,-65.62614795647175,72.2714443625658,62.78528219858726,0.2953,-0.5419,0.5897,0.5209,0
2817089.0,226.515798,1.0,-7.71,1.48,-3.07,25.06,-18.37,22.37,-2.25,40.88,-44.13,0.830526706206083,0.3031464023939414,1.423468763202477,-67.87662551738967,71.7897644729481,61.00819753273681,0.2948,-0.5583,0.5863,0.5076,0
2817089.0,226.515798,1.0,-7.71,1.48,-3.07,25.06,-18.37,22.37,-2.25,40.88,-44.13,0.830526706206083,0.3031464023939414,1.423468763202477,-67.87662551738967,71.7897644729481,61.00819753273681,0.2948,-0.5583,0.5863,0.5076,0
2817124.0,226.532519,1.0,-8.8,0.75,-2.43,25.25,-17.69,22.37,7.44,28.0,-38.81,1.4007962624601238,-0.8759478411883534,0.7967729081304764,-69.1660709028975,71.36596675624857,59.96030828751041,0.2966,-0.5676,0.5833,0.4997,0
2817124.0,226.532519,1.0,-8.8,0.75,-2.43,25.25,-17.69,22.37,7.44,28.0,-38.81,1.4007962624601238,-0.8759478411883534,0.7967729081304764,-69.1660709028975,71.36596675624857,59.96030828751041,0.2966,-0.5676,0.5833,0.4997,0
2817161.0,226.549961,1.0,-9.29,1.32,-2.42,24.69,-15.19,24.75,5.38,27.5,-29.62,0.6908560006334876,-1.121518121982558,0.20624297277175785,-70.63403485049959,70.9995839667978,58.62858825496232,0.298,-0.5781,0.5807,0.4896,0
2817161.0,226.549961,1.0,-9.29,1.32,-2.42,24.69,-15.19,24.75,5.38,27.5,-29.62,0.6908560006334876,-1.121518121982558,0.20624297277175785,-70.63403485049959,70.9995839667978,58.62858825496232,0.298,-0.5781,0.5807,0.4896,0
2817193.0,226.584348,1.0,-8.48,1.12,-4.02,24.69,-15.19,24.75,6.5,54.94,-30.5,0.8844927749100977,0.34593442935628826,0.40328879765762515,-72.54126289658385,70.95736285453454,56.86199021255983,0.2943,-0.5916,0.5804,0.4761,0
2817193.0,226.584348,1.0,-8.48,1.12,-4.02,24.69,-15.19,24.75,6.5,54.94,-30.5,0.8844927749100977,0.34593442935628826,0.40328879765762515,-72.54126289658385,70.95736285453454,56.86199021255983,0.2943,-0.5916,0.5804,0.4761,0
2817230.0,226.602934,1.0,-8.81,0.4,-3.12,24.37,-15.0,25.19,1.88,27.31,-24.87,1.270220398203738,-0.8470248573575783,0.5773710990779168,-73.65387577244137,70.78858910682754,55.84800465854667,0.2931,-0.5994,0.5792,0.4683,0
2817230.0,226.602934,1.0,-8.81,0.4,-3.12,24.37,-15.0,25.19,1.88,27.31,-24.87,1.270220398203738,-0.8470248573575783,0.5773710990779168,-73.65387577244137,70.78858910682754,55.84800465854667,0.2931,-0.5994,0.5792,0.4683,0
2817267.0,226.773899,1.0,-9.14,0.93,-3.0,23.69,-12.88,24.75,-3.13,12.5,-17.75,0.6422620674614985,-1.0745255045396256,0.22346710615966892,-74.5296601704127,70.39546823502994,55.30398226888506,0.2928,-0.6055,0.5764,0.4641,0
2817267.0,226.773899,1.0,-9.14,0.93,-3.0,23.69,-12.88,24.75,-3.13,12.5,-17.75,0.6422620674614985,-1.0745255045396256,0.22346710615966892,-74.5296601704127,70.39546823502994,55.30398226888506,0.2928,-0.6055,0.5764,0.4641,0
2817302.0,226.804713,1.0,-8.55,1.31,-5.15,23.69,-12.88,24.75,4.06,27.81,-25.0,0.5825653344345303,1.024338744277573,-0.1909721056852849,-75.51198876789933,70.22727904040842,54.490472774077006,0.291,-0.6123,0.5752,0.4578,0
2817302.0,226.804713,1.0,-8.55,1.31,-5.15,23.69,-12.88,24.75,4.06,27.81,-25.0,0.5825653344345303,1.024338744277573,-0.1909721056852849,-75.51198876789933,70.22727904040842,54.490472774077006,0.291,-0.6123,0.5752,0.4578,0
2817335.0,226.884778,1.0,-9.24,0.49,-4.45,23.0,-13.06,26.37,6.56,17.56,-25.25,1.0825855073510784,-0.1422180056793072,-0.4025606775271324,-76.61766462346291,69.86346279099202,53.500200054022216,0.2919,-0.6199,0.5726,0.4501,0
2817335.0,226.884778,1.0,-9.24,0.49,-4.45,23.0,-13.06,26.37,6.56,17.56,-25.25,1.0825855073510784,-0.1422180056793072,-0.4025606775271324,-76.61766462346291,69.86346279099202,53.500200054022216,0.2919,-0.6199,0.5726,0.4501,0
2817372.0,226.903589,1.0,-9.18,0.82,-4.15,23.75,-11.5,26.87,0.5,0.94,-16.75,0.607773194576692,-0.3253368270795707,-0.27759849420619,-77.07108573183802,69.51439870357002,53.25651268144825,0.2932,-0.623,0.5701,0.4482,0
2817372.0,226.903589,1.0,-9.18,0.82,-4.15,23.75,-11.5,26.87,0.5,0.94,-16.75,0.607773194576692,-0.3253368270795707,-0.27759849420619,-77.07108573183802,69.51439870357002,53.25651268144825,0.2932,-0.623,0.5701,0.4482,0
2817409.0,226.947432,1.0,-8.66,0.53,-4.25,22.0,-11.75,26.5,-4.0,-0.5,-15.63,0.8032686511810068,-0.04259894482787563,0.1789844052709526,-77.5847366999739,68.9713260186013,53.11554927222101,0.2947,-0.6265,0.5662,0.4471,0
2817409.0,226.947432,1.0,-8.66,0.53,-4.25,22.0,-11.75,26.5,-4.0,-0.5,-15.63,0.8032686511810068,-0.04259894482787563,0.1789844052709526,-77.5847366999739,68.9713260186013,53.11554927222101,0.2947,-0.6265,0.5662,0.4471,0
2817441.0,226.964668,1.0,-8.33,0.52,-3.74,22.0,-11.75,26.5,-0.06,-2.81,-15.06,0.6278879282804344,-0.3297606642087012,0.6883214989061539,-77.92328819790765,68.62413121482328,53.02589040849174,0.2961,-0.6288,0.5637,0.4464,0
2817441.0,226.964668,1.0,-8.33,0.52,-3.74,22.0,-11.75,26.5,-0.06,-2.81,-15.06,0.6278879282804344,-0.3297606642087012,0.6883214989061539,-77.92328819790765,68.62413121482328,53.02589040849174,0.2961,-0.6288,0.5637,0.4464,0
2817478.0,226.967594,1.0,-8.26,0.06,-3.27,22.69,-10.88,27.69,4.5,-2.44,-12.31,0.887914340605032,-0.7654071077568159,1.0004101620701196,-78.20357233698766,68.23612322826888,52.846677531793524,0.2993,-0.6307,0.5609,0.445,0
2817478.0,226.967594,1.0,-8.26,0.06,-3.27,22.69,-10.88,27.69,4.5,-2.44,-12.31,0.887914340605032,-0.7654071077568159,1.0004101620701196,-78.20357233698766,68.23612322826888,52.846677531793524,0.2993,-0.6307,0.5609,0.445,0
2817513.0,227.004039,1.0,-8.54,-0.16,-3.57,22.69,-10.75,27.25,-1.88,3.81,-6.81,1.1394128331599431,-0.6686721309701502,0.6438602514084568,-78.41045445111573,68.05627918144376,52.73154278918168,0.3,-0.6321,0.5596,0.4441,0
2817513.0,227.004039,1.0,-8.54,-0.16,-3.57,22.69,-10.75,27.25,-1.88,3.81,-6.81,1.1394128331599431,-0.6686721309701502,0.6438602514084568,-78.41045445111573,68.05627918144376,52.73154278918168,0.3,-0.6321,0.5596,0.4441,0
2817548.0,227.07359,1.0,-8.41,0.01,-4.38,22.69,-10.75,27.25,-3.5,3.5,-3.19,1.1358599354517036,0.11359981085024096,0.39338716026103704,-78.6324525112941,67.93188335325443,52.654818145262986,0.2994,-0.6336,0.5587,0.4435,0
2817548.0,227.07359,1.0,-8.41,0.01,-4.38,22.69,-10.75,27.25,-3.5,3.5,-3.19,1.1358599354517036,0.11359981085024096,0.39338716026103704,-78.6324525112941,67.93188335325443,52.654818145262986,0.2994,-0.6336,0.5587,0.4435,0
2817583.0,227.121664,1.0,-8.79,0.4,-4.25,23.5,-10.38,27.69,-3.94,-1.44,1.44,0.7472376553521041,-0.09578013267781582,0.06400856902205199,-78.67689437611286,67.89043829465147,52.74433270456297,0.2985,-0.6339,0.5584,0.4442,0
2817583.0,227.121664,1.0,-8.79,0.4,-4.25,23.5,-10.38,27.69,-3.94,-1.44,1.44,0.7472376553521041,-0.09578013267781582,0.06400856902205199,-78.67689437611286,67.89043829465147,52.74433270456297,0.2985,-0.6339,0.5584,0.4442,0
2817619.0,227.135552,1.0,-8.84,0.54,-4.16,23.06,-11.19,28.5,-3.44,1.06,0.63,0.60615183053672,-0.1689397677466622,0.04207938408396927,-78.67689437611286,67.86281386047487,52.83388194622903,0.2978,-0.6339,0.5582,0.4449,0
2817619.0,227.135552,1.0,-8.84,0.54,-4.16,23.06,-11.19,28.5,-3.44,1.06,0.63,0.60615183053672,-0.1689397677466622,0.04207938408396927,-78.67689437611286,67.86281386047487,52.83388194622903,0.2978,-0.6339,0.5582,0.4449,0
2817654.0,227.138233,1.0,-8.65,0.72,-4.52,23.06,-11.19,28.5,-5.13,0.37,-0.75,0.5222834103897729,0.26205138065782574,0.03782974814118312,-78.73617218118244,67.79377236455424,52.91066611549383,0.2969,-0.6343,0.5577,0.4455,0
2817654.0,227.138233,1.0,-8.65,0.72,-4.52,23.06,-11.19,28.5,-5.13,0.37,-0.75,0.5222834103897729,0.26205138065782574,0.03782974814118312,-78.73617218118244,67.79377236455424,52.91066611549383,0.2969,-0.6343,0.5577,0.4455,0
2817689.0,227.152173,1.0,-8.99,0.59,-4.26,22.69,-10.25,27.75,-0.44,0.63,-0.69,0.5803159174992829,-0.13145593867202687,-0.14130218987731347,-78.79547515620452,67.68336405721995,52.91066611549383,0.2974,-0.6347,0.5569,0.4455,0
2817689.0,227.152173,1.0,-8.99,0.59,-4.26,22.69,-10.25,27.75,-0.44,0.63,-0.69,0.5803159174992829,-0.13145593867202687,-0.14130218987731347,-78.79547515620452,67.68336405721995,52.91066611549383,0.2974,-0.6347,0.5569,0.4455,0
2817724.0,227.185189,1.0,-8.75,0.48,-4.37,22.25,-11.06,28.56,-7.75,4.06,1.06,0.7164014720360492,0.027651608174002806,0.040596328253668545,-78.89931607211645,67.66956803559745,52.91066611549383,0.2961,-0.6354,0.5568,0.4455,0
2817724.0,227.185189,1.0,-8.75,0.48,-4.37,22.25,-11.06,28.56,-7.75,4.06,1.06,0.7164014720360492,0.027651608174002806,0.040596328253668545,-78.89931607211645,67.66956803559745,52.91066611549383,0.2961,-0.6354,0.5568,0.4455,0
2817761.0,227.24804,1.0,-8.59,0.16,-4.2,23.06,-10.69,27.75,-4.44,-0.25,1.19,0.9935917356586608,-0.11429622255473104,0.2959501395091575,-78.94384302757037,67.60060461724801,53.000280019764396,0.2955,-0.6357,0.5563,0.4462,0
2817761.0,227.24804,1.0,-8.59,0.16,-4.2,23.06,-10.69,27.75,-4.44,-0.25,1.19,0.9935917356586608,-0.11429622255473104,0.2959501395091575,-78.94384302757037,67.60060461724801,53.000280019764396,0.2955,-0.6357,0.5563,0.4462,0
2817794.0,227.255909,1.0,-8.31,1.08,-4.58,23.06,-10.69,27.75,1.12,-3.06,0.06,0.20167337359872772,0.5384100387746982,0.2741612126723201,-78.92899912643803,67.54545388216584,53.11554927222101,0.295,-0.6356,0.5559,0.4471,0
2817794.0,227.255909,1.0,-8.31,1.08,-4.58,23.06,-10.69,27.75,1.12,-3.06,0.06,0.20167337359872772,0.5384100387746982,0.2741612126723201,-78.92899912643803,67.54545388216584,53.11554927222101,0.295,-0.6356,0.5559,0.4471,0
2817830.0,227.276039,1.0,-8.86,-0.01,-3.7,23.19,-10.69,27.37,-3.5,4.56,1.56,1.0593805311486875,-0.7055342294734877,0.2898420088054543,-78.94384302757037,67.55923990117556,53.10273871771934,0.2947,-0.6357,0.556,0.447,0
2817830.0,227.276039,1.0,-8.86,-0.01,-3.7,23.19,-10.69,27.37,-3.5,4.56,1.56,1.0593805311486875,-0.7055342294734877,0.2898420088054543,-78.94384302757037,67.55923990117556,53.10273871771934,0.2947,-0.6357,0.556,0.447,0
2817867.0,227.33534,1.0,-9.33,0.29,-3.0,22.75,-10.25,27.0,-15.88,27.56,9.38,0.6344342241775422,-1.5589316627441925,0.14744582542713225,-79.24105462662457,67.72475880644298,52.98747589558396,0.2896,-0.6377,0.5572,0.4461,0
2817867.0,227.33534,1.0,-9.33,0.29,-3.0,22.75,-10.25,27.0,-15.88,27.56,9.38,0.6344342241775422,-1.5589316627441925,0.14744582542713225,-79.24105462662457,67.72475880644298,52.98747589558396,0.2896,-0.6377,0.5572,0.4461,0
2817900.0,227.342472,1.0,-8.17,0.94,-5.13,22.75,-10.25,27.0,-1.37,6.94,2.69,0.547885782981725,0.799323274262393,0.16246504366341163,-79.6582267018899,68.0286277906356,52.69317728708804,0.2825,-0.6405,0.5594,0.4438,0
2817900.0,227.342472,1.0,-8.17,0.94,-5.13,22.75,-10.25,27.0,-1.37,6.94,2.69,0.547885782981725,0.799323274262393,0.16246504366341163,-79.6582267018899,68.0286277906356,52.69317728708804,0.2825,-0.6405,0.5594,0.4438,0
2817935.0,227.345998,1.0,-8.64,0.84,-4.98,22.75,-11.06,27.75,0.88,-1.88,0.44,0.6263894113889528,0.4329905455572698,-0.17211522886263175,-79.64330592338118,68.0148037838229,52.7571233277472,0.2822,-0.6404,0.5593,0.4443,0
2817935.0,227.345998,1.0,-8.64,0.84,-4.98,22.75,-11.06,27.75,0.88,-1.88,0.44,0.6263894113889528,0.4329905455572698,-0.17211522886263175,-79.64330592338118,68.0148037838229,52.7571233277472,0.2822,-0.6404,0.5593,0.4443,0
2817972.0,227.426038,1.0,-8.73,0.87,-4.82,22.06,-10.69,28.19,-0.37,-0.56,0.12,0.5618727992128956,0.2618427629358768,-0.18424271912189027,-79.64330592338118,68.00098090210307,52.78270669863224,0.2821,-0.6404,0.5592,0.4445,0
2817972.0,227.426038,1.0,-8.73,0.87,-4.82,22.06,-10.69,28.19,-0.37,-0.56,0.12,0.5618727992128956,0.2618427629358768,-0.18424271912189027,-79.64330592338118,68.00098090210307,52.78270669863224,0.2821,-0.6404,0.5592,0.4445,0
2818007.0,227.43617,1.0,-8.72,0.96,-4.63,22.06,-10.69,28.19,-1.37,-4.88,-0.69,0.4139652761109389,0.14380267854777506,-0.10318620146250801,-79.64330592338118,67.90425219273371,52.80829290405338,0.2831,-0.6404,0.5585,0.4447,0
2818007.0,227.43617,1.0,-8.72,0.96,-4.63,22.06,-10.69,28.19,-1.37,-4.88,-0.69,0.4139652761109389,0.14380267854777506,-0.10318620146250801,-79.64330592338118,67.90425219273371,52.80829290405338,0.2831,-0.6404,0.5585,0.4447,0
2818041.0,227.442465,1.0,-8.52,0.69,-4.49,21.69,-10.69,28.19,-0.81,-6.25,-2.06,0.6350227763889702,0.09006864471468079,0.17258368754883158,-79.59855330327525,67.779967419794,52.93626652690735,0.2841,-0.6401,0.5576,0.4457,0
2818041.0,227.442465,1.0,-8.52,0.69,-4.49,21.69,-10.69,28.19,-0.81,-6.25,-2.06,0.6350227763889702,0.09006864471468079,0.17258368754883158,-79.59855330327525,67.779967419794,52.93626652690735,0.2841,-0.6401,0.5576,0.4457,0
2818076.0,227.445492,1.0,-8.88,0.41,-3.92,21.25,-11.75,29.75,0.81,-5.06,-1.81,0.7628765525427581,-0.5892766073073537,0.1391957101850867,-79.50909171234422,67.66956803559745,53.03869667359707,0.2856,-0.6395,0.5568,0.4465,0
2818076.0,227.445492,1.0,-8.88,0.41,-3.92,21.25,-11.75,29.75,0.81,-5.06,-1.81,0.7628765525427581,-0.5892766073073537,0.1391957101850867,-79.50909171234422,67.66956803559745,53.03869667359707,0.2856,-0.6395,0.5568,0.4465,0
2818113.0,227.506025,1.0,-8.41,0.39,-4.31,21.25,-11.5,28.56,2.25,-2.81,0.25,0.8699560349356592,-0.03978370157114641,0.38869407770092046,-79.50909171234422,67.66956803559745,53.03869667359707,0.2858,-0.6395,0.5568,0.4465,0
2818113.0,227.506025,1.0,-8.41,0.39,-4.31,21.25,-11.5,28.56,2.25,-2.81,0.25,0.8699560349356592,-0.03978370157114641,0.38869407770092046,-79.50909171234422,67.66956803559745,53.03869667359707,0.2858,-0.6395,0.5568,0.4465,0
2818146.0,227.563493,1.0,-8.73,0.53,-4.06,21.25,-11.5,28.56,-0.19,-4.75,2.0,0.6706597034704613,-0.3381025755645082,0.19346622923302093,-79.40479322488903,67.61439507717934,53.10273871771934,0.2874,-0.6388,0.5564,0.447,0
2818146.0,227.563493,1.0,-8.73,0.53,-4.06,21.25,-11.5,28.56,-0.19,-4.75,2.0,0.6706597034704613,-0.3381025755645082,0.19346622923302093,-79.40479322488903,67.61439507717934,53.10273871771934,0.2874,-0.6388,0.5564,0.447,0
2818183.0,227.581565,1.0,-8.64,0.76,-4.47,22.75,-11.06,29.0,-3.25,4.25,3.81,0.5651831274935593,0.09155625916982357,0.06599881623392534,-79.38989987649909,67.68336405721995,53.11554927222101,0.2864,-0.6387,0.5569,0.4471,0
2818183.0,227.581565,1.0,-8.64,0.76,-4.47,22.75,-11.06,29.0,-3.25,4.25,3.81,0.5651831274935593,0.09155625916982357,0.06599881623392534,-79.38989987649909,67.68336405721995,53.11554927222101,0.2864,-0.6387,0.5569,0.4471,0
2818220.0,227.619574,1.0,-8.78,0.89,-4.35,22.06,-10.25,27.75,-2.31,1.12,3.56,0.43783038929799134,-0.0685510947023964,-0.022215921235382297,-79.36011799864445,67.779967419794,53.15398523212066,0.2849,-0.6385,0.5576,0.4474,0
2818220.0,227.619574,1.0,-8.78,0.89,-4.35,22.06,-10.25,27.75,-2.31,1.12,3.56,0.43783038929799134,-0.0685510947023964,-0.022215921235382297,-79.36011799864445,67.779967419794,53.15398523212066,0.2849,-0.6385,0.5576,0.4474,0
2818254.0,227.690925,1.0,-8.63,0.88,-4.64,22.06,-10.25,27.75,0.0,-0.94,0.94,0.524887861193247,0.23913984830849144,-0.014154695447466281,-79.36011799864445,67.82138560708218,53.15398523212066,0.2844,-0.6385,0.5579,0.4474,0
2818254.0,227.690925,1.0,-8.63,0.88,-4.64,22.06,-10.25,27.75,0.0,-0.94,0.94,0.524887861193247,0.23913984830849144,-0.014154695447466281,-79.36011799864445,67.82138560708218,53.15398523212066,0.2844,-0.6385,0.5579,0.4474,0
2818287.0,227.709196,1.0,-8.75,0.71,-4.57,22.06,-11.06,29.0,-2.19,-3.63,0.63,0.6807450927123544,0.10673271181242905,-0.06637862585626308,-79.3303425408847,67.73855928586947,53.269331845014825,0.2847,-0.6383,0.5573,0.4483,0
2818287.0,227.709196,1.0,-8.75,0.71,-4.57,22.06,-11.06,29.0,-2.19,-3.63,0.63,0.6807450927123544,0.10673271181242905,-0.06637862585626308,-79.3303425408847,67.73855928586947,53.269331845014825,0.2847,-0.6383,0.5573,0.4483,0
2818324.0,227.763433,1.0,-8.94,0.69,-4.01,23.19,-11.06,28.19,-1.56,-0.31,-0.56,0.5674903656957127,-0.457402810083958,0.011317573064717479,-79.31545721761533,67.68336405721995,53.34626194049607,0.2847,-0.6382,0.5569,0.4489,0
2818324.0,227.763433,1.0,-8.94,0.69,-4.01,23.19,-11.06,28.19,-1.56,-0.31,-0.56,0.5674903656957127,-0.457402810083958,0.011317573064717479,-79.31545721761533,67.68336405721995,53.34626194049607,0.2847,-0.6382,0.5569,0.4489,0
2818359.0,227.766498,1.0,-8.41,0.69,-4.59,22.75,-10.69,29.0,2.19,-2.88,-1.75,0.6972948034751942,0.29515614004090907,0.2306924598872282,-79.31545721761533,67.62818664851126,53.35908614472047,0.2852,-0.6382,0.5565,0.449,0
2818359.0,227.766498,1.0,-8.41,0.69,-4.59,22.75,-10.69,29.0,2.19,-2.88,-1.75,0.6972948034751942,0.29515614004090907,0.2306924598872282,-79.31545721761533,67.62818664851126,53.35908614472047,0.2852,-0.6382,0.5565,0.449,0
2818394.0,227.860677,1.0,-8.62,0.58,-4.0,22.75,-10.69,29.0,-1.56,3.31,-0.5,0.6545297741552398,-0.3377244298774824,0.31463583101520065,-79.36011799864445,67.60060461724801,53.34626194049607,0.285,-0.6385,0.5563,0.4489,0
2818394.0,227.860677,1.0,-8.62,0.58,-4.0,22.75,-10.69,29.0,-1.56,3.31,-0.5,0.6545297741552398,-0.3377244298774824,0.31463583101520065,-79.36011799864445,67.60060461724801,53.34626194049607,0.285,-0.6385,0.5563,0.4489,0
2818430.0,227.953988,1.0,-8.57,0.47,-4.16,22.75,-10.69,27.37,-2.13,1.25,1.63,0.7851994690418134,-0.20856851412951327,0.3034210240818531,-79.46438269954626,67.57302702971405,53.269331845014825,0.2851,-0.6392,0.5561,0.4483,0
2818430.0,227.953988,1.0,-8.57,0.47,-4.16,22.75,-10.69,27.37,-2.13,1.25,1.63,0.7851994690418134,-0.20856851412951327,0.3034210240818531,-79.46438269954626,67.57302702971405,53.269331845014825,0.2851,-0.6392,0.5561,0.4483,0
2818465.0,227.95765,1.0,-8.59,1.01,-4.38,23.19,-11.06,27.75,-4.0,2.06,3.06,0.30130379914703753,0.08981348084406826,0.11677128252999047,-79.56872631159283,67.49032089207272,53.20524321404206,0.2854,-0.6399,0.5555,0.4478,0
2818465.0,227.95765,1.0,-8.59,1.01,-4.38,23.19,-11.06,27.75,-4.0,2.06,3.06,0.30130379914703753,0.08981348084406826,0.11677128252999047,-79.56872631159283,67.49032089207272,53.20524321404206,0.2854,-0.6399,0.5555,0.4478,0
2818498.0,228.013154,1.0,-8.86,0.73,-4.43,23.19,-11.06,27.75,-0.19,1.19,1.75,0.5995672743491343,-0.059023478610445324,-0.10770501243032449,-79.52399794108469,67.55923990117556,53.20524321404206,0.285,-0.6396,0.556,0.4478,0
2818498.0,228.013154,1.0,-8.86,0.73,-4.43,23.19,-11.06,27.75,-0.19,1.19,1.75,0.5995672743491343,-0.059023478610445324,-0.10770501243032449,-79.52399794108469,67.55923990117556,53.20524321404206,0.285,-0.6396,0.556,0.4478,0
2818535.0,228.054826,1.0,-8.68,1.22,-4.7,21.69,-10.25,27.0,-4.94,1.31,2.13,0.20756741985391747,0.3523982166571067,-0.1308311327172884,-79.55381523993225,67.55923990117556,53.25651268144825,0.2839,-0.6398,0.556,0.4482,0
2818535.0,228.054826,1.0,-8.68,1.22,-4.7,21.69,-10.25,27.0,-4.94,1.31,2.13,0.20756741985391747,0.3523982166571067,-0.1308311327172884,-79.55381523993225,67.55923990117556,53.25651268144825,0.2839,-0.6398,0.556,0.4482,0
2818572.0,228.063102,1.0,-8.76,0.9,-4.33,22.37,-11.5,29.37,0.81,-1.5,-1.94,0.42277789220423023,-0.06529575162223766,0.0029009559514197036,-79.55381523993225,67.51788517086388,53.29497233017571,0.2841,-0.6398,0.5557,0.4485,0
2818572.0,228.063102,1.0,-8.76,0.9,-4.33,22.37,-11.5,29.37,0.81,-1.5,-1.94,0.42277789220423023,-0.06529575162223766,0.0029009559514197036,-79.55381523993225,67.51788517086388,53.29497233017571,0.2841,-0.6398,0.5557,0.4485,0
2818607.0,228.081398,1.0,-8.65,0.63,-4.28,22.37,-11.5,29.37,-0.25,-0.06,-1.0,0.6614935115323879,-0.11330669675913208,0.15846944993409018,-79.56872631159283,67.47654041370244,53.282151727830126,0.2844,-0.6399,0.5554,0.4484,0
2818607.0,228.081398,1.0,-8.65,0.63,-4.28,22.37,-11.5,29.37,-0.25,-0.06,-1.0,0.6614935115323879,-0.11330669675913208,0.15846944993409018,-79.56872631159283,67.47654041370244,53.282151727830126,0.2844,-0.6399,0.5554,0.4484,0
2818641.0,228.084345,1.0,-8.66,0.66,-4.22,22.06,-11.06,29.37,0.63,0.56,-0.94,0.5916745321147596,-0.15655722761760438,0.17000062988553744,-79.6582267018899,67.39388076848982,53.20524321404206,0.2853,-0.6405,0.5548,0.4478,0
2818641.0,228.084345,1.0,-8.66,0.66,-4.22,22.06,-11.06,29.37,0.63,0.56,-0.94,0.5916745321147596,-0.15655722761760438,0.17000062988553744,-79.6582267018899,67.39388076848982,53.20524321404206,0.2853,-0.6405,0.5548,0.4478,0
2818676.0,228.123608,1.0,-8.67,0.56,-4.2,22.75,-11.5,27.75,0.06,1.0,0.12,0.6418151306857232,-0.19303335915670994,0.17995215181365687,-79.77765133500274,67.29749473790226,53.05150365290267,0.2868,-0.6413,0.5541,0.4466,0
2818676.0,228.123608,1.0,-8.67,0.56,-4.2,22.75,-11.5,27.75,0.06,1.0,0.12,0.6418151306857232,-0.19303335915670994,0.17995215181365687,-79.77765133500274,67.29749473790226,53.05150365290267,0.2868,-0.6413,0.5541,0.4466,0
2818711.0,228.130804,1.0,-8.7,0.67,-4.25,22.75,-10.69,27.37,-0.94,1.19,1.63,0.5107337708271702,-0.1382473745880024,0.11534262283172758,-79.91212851792643,67.21492107332485,52.89786697704349,0.2879,-0.6422,0.5535,0.4454,0
2818711.0,228.130804,1.0,-8.7,0.67,-4.25,22.75,-10.69,27.37,-0.94,1.19,1.63,0.5107337708271702,-0.1382473745880024,0.11534262283172758,-79.91212851792643,67.21492107332485,52.89786697704349,0.2879,-0.6422,0.5535,0.4454,0
2818746.0,228.193004,1.0,-8.76,0.9,-4.29,22.75,-10.69,27.37,-2.0,0.44,2.63,0.29245607376789073,-0.0804211978512992,0.01585320526197087,-79.94203028891886,67.18740530675933,52.87227083326433,0.288,-0.6424,0.5533,0.4452,0
2818746.0,228.193004,1.0,-8.76,0.9,-4.29,22.75,-10.69,27.37,-2.0,0.44,2.63,0.29245607376789073,-0.0804211978512992,0.01585320526197087,-79.94203028891886,67.18740530675933,52.87227083326433,0.288,-0.6424,0.5533,0.4452,0
2818783.0,228.200352,1.0,-8.7,0.89,-4.56,22.75,-12.19,27.75,-0.56,1.25,0.75,0.3703994918697837,0.1671000541532024,-0.047820142444219726,-79.98689521343867,67.18740530675933,52.846677531793524,0.2875,-0.6427,0.5533,0.445,0
2818783.0,228.200352,1.0,-8.7,0.89,-4.56,22.75,-12.19,27.75,-0.56,1.25,0.75,0.3703994918697837,0.1671000541532024,-0.047820142444219726,-79.98689521343867,67.18740530675933,52.846677531793524,0.2875,-0.6427,0.5533,0.445,0
2818816.0,228.265301,1.0,-8.72,0.99,-4.33,22.37,-10.69,28.56,-1.31,-0.06,0.37,0.2095499460477217,-0.0192495970518205,0.022830793109227088,-80.01681335104665,67.173649069206,52.82108707040817,0.2876,-0.6429,0.5532,0.4448,0
2818816.0,228.265301,1.0,-8.72,0.99,-4.33,22.37,-10.69,28.56,-1.31,-0.06,0.37,0.2095499460477217,-0.0192495970518205,0.022830793109227088,-80.01681335104665,67.173649069206,52.82108707040817,0.2876,-0.6429,0.5532,0.4448,0
2818850.0,228.283845,1.0,-8.74,0.94,-4.39,22.37,-10.69,28.56,1.69,-0.56,-1.94,0.259755780905484,0.01619260843828929,-0.015547551144964089,-80.06170285521924,67.13238693393745,52.78270669863224,0.2881,-0.6432,0.5529,0.4445,0
2818850.0,228.283845,1.0,-8.74,0.94,-4.39,22.37,-10.69,28.56,1.69,-0.56,-1.94,0.259755780905484,0.01619260843828929,-0.015547551144964089,-80.06170285521924,67.13238693393745,52.78270669863224,0.2881,-0.6432,0.5529,0.4445,0
