TIME,ELAPSED_SECONDS,PSTATE,acc_x,acc_y,acc_z,mag_x,mag_y,mag_z,gyr_x,gyr_y,gyr_z,lin_x,lin_y,lin_z,eul_x,eul_y,eul_z,qua_w,qua_x,qua_y,qua_z,LABLE
809330.0,46.456632,1.0,-6.74,-2.8,-6.5,28.56,-10.0,27.06,5.25,3.63,2.81,0.23897425984292342,-0.3412344069611066,0.04222219379249026,-130.87269286132403,-2.6931495578860725,46.50700231874489,0.1281,-0.9095,-0.0235,0.3948,1
809330.0,46.456632,1.0,-6.74,-2.8,-6.5,28.56,-10.0,27.06,5.25,3.63,2.81,0.23897425984292342,-0.3412344069611066,0.04222219379249026,-130.87269286132403,-2.6931495578860725,46.50700231874489,0.1281,-0.9095,-0.0235,0.3948,1
809367.0,46.478911,1.0,-6.89,-2.66,-6.32,28.19,-9.88,27.5,-2.63,2.38,6.38,0.005766131286824017,-0.24750679446642915,0.08920140798661613,-130.87269286132403,-2.486832027635776,46.53194812307301,0.1275,-0.9095,-0.0217,0.395,1
809367.0,46.478911,1.0,-6.89,-2.66,-6.32,28.19,-9.88,27.5,-2.63,2.38,6.38,0.005766131286824017,-0.24750679446642915,0.08920140798661613,-130.87269286132403,-2.486832027635776,46.53194812307301,0.1275,-0.9095,-0.0217,0.395,1
809402.0,46.520216,1.0,-6.77,-2.79,-6.44,28.56,-9.88,27.0,1.25,0.63,9.63,0.19172182478041444,-0.39959599373857885,0.0652863488631148,-130.9002657864388,-2.303445456683929,46.569371208551814,0.1262,-0.9096,-0.0201,0.3953,1
809402.0,46.520216,1.0,-6.77,-2.79,-6.44,28.56,-9.88,27.0,1.25,0.63,9.63,0.19172182478041444,-0.39959599373857885,0.0652863488631148,-130.9002657864388,-2.303445456683929,46.569371208551814,0.1262,-0.9096,-0.0201,0.3953,1
809437.0,46.536104,1.0,-6.81,-2.85,-6.64,28.56,-9.88,27.0,-7.94,-4.0,14.0,0.3404901480825848,-0.49096842965287224,-0.10451625126139596,-130.9002657864388,-1.94815034703792,46.70663424071843,0.123,-0.9096,-0.017,0.3964,1
809437.0,46.536104,1.0,-6.81,-2.85,-6.64,28.56,-9.88,27.0,-7.94,-4.0,14.0,0.3404901480825848,-0.49096842965287224,-0.10451625126139596,-130.9002657864388,-1.94815034703792,46.70663424071843,0.123,-0.9096,-0.017,0.3964,1
809472.0,46.57415,1.0,-7.16,-2.23,-6.35,28.19,-9.88,28.25,-20.5,-7.19,18.5,-0.1083556721481318,-0.020766703033962018,-0.01927630708975059,-130.87269286132403,-1.6616358358374437,46.96887934330581,0.1177,-0.9095,-0.0145,0.3985,1
809472.0,46.57415,1.0,-7.16,-2.23,-6.35,28.19,-9.88,28.25,-20.5,-7.19,18.5,-0.1083556721481318,-0.020766703033962018,-0.01927630708975059,-130.87269286132403,-1.6616358358374437,46.96887934330581,0.1177,-0.9095,-0.0145,0.3985,1
809508.0,46.63567,1.0,-7.29,-2.04,-6.11,28.56,-11.0,27.87,-12.06,0.12,16.75,-0.36189275058579584,-0.011813813448146387,0.08519465263120551,-130.9830718545965,-1.2490727279396536,47.1063498604445,0.1113,-0.9099,-0.0109,0.3996,1
809508.0,46.63567,1.0,-7.29,-2.04,-6.11,28.56,-11.0,27.87,-12.06,0.12,16.75,-0.36189275058579584,-0.011813813448146387,0.08519465263120551,-130.9830718545965,-1.2490727279396536,47.1063498604445,0.1113,-0.9099,-0.0109,0.3996,1
809543.0,46.651936,1.0,-6.96,-2.34,-6.65,28.56,-11.0,27.87,-2.88,-17.19,16.62,0.34422004547913687,-0.3055142298781539,-0.08920133354540205,-130.70755912152916,-0.9052827329224427,47.46911772602086,0.1086,-0.9089,-0.0079,0.4025,1
809543.0,46.651936,1.0,-6.96,-2.34,-6.65,28.56,-11.0,27.87,-2.88,-17.19,16.62,0.34422004547913687,-0.3055142298781539,-0.08920133354540205,-130.70755912152916,-0.9052827329224427,47.46911772602086,0.1086,-0.9089,-0.0079,0.4025,1
809576.0,46.69232,1.0,-7.16,-2.5,-6.73,27.37,-11.38,27.37,-13.13,-26.12,24.19,0.47022744982087383,-0.5781783212547595,-0.305377292994514,-129.8895440244663,-0.36669361470931167,48.53533746105607,0.1021,-0.9059,-0.0032,0.411,1
809576.0,46.69232,1.0,-7.16,-2.5,-6.73,27.37,-11.38,27.37,-13.13,-26.12,24.19,0.47022744982087383,-0.5781783212547595,-0.305377292994514,-129.8895440244663,-0.36669361470931167,48.53533746105607,0.1021,-0.9059,-0.0032,0.411,1
809613.0,46.803575,1.0,-7.49,-2.34,-6.33,27.37,-12.19,26.56,-24.12,-51.75,37.88,0.18180867329416905,-0.6368473806635285,-0.2534678432490072,-128.76486449761617,0.10313241704642769,49.909201333575915,0.0941,-0.9017,0.0009,0.4219,1
809613.0,46.803575,1.0,-7.49,-2.34,-6.33,27.37,-12.19,26.56,-24.12,-51.75,37.88,0.18180867329416905,-0.6368473806635285,-0.2534678432490072,-128.76486449761617,0.10313241704642769,49.909201333575915,0.0941,-0.9017,0.0009,0.4219,1
809648.0,46.807861,1.0,-8.14,-1.64,-5.38,28.19,-14.06,24.5,-25.56,-42.38,42.81,-0.69749893129163,-0.36452090707596047,-0.05611937523896238,-127.30014547607834,0.8136069048374162,51.774296276253054,0.0791,-0.8961,0.0071,0.4366,1
809648.0,46.807861,1.0,-8.14,-1.64,-5.38,28.19,-14.06,24.5,-25.56,-42.38,42.81,-0.69749893129163,-0.36452090707596047,-0.05611937523896238,-127.30014547607834,0.8136069048374162,51.774296276253054,0.0791,-0.8961,0.0071,0.4366,1
809682.0,46.86485,1.0,-7.63,-0.77,-6.2,28.19,-14.06,24.5,-26.37,-32.06,35.56,0.35246344242443195,0.3568522746136415,-0.042117738953814765,-126.58179643384616,1.4095117183833985,52.718753581326524,0.0683,-0.8933,0.0123,0.444,1
809682.0,46.86485,1.0,-7.63,-0.77,-6.2,28.19,-14.06,24.5,-26.37,-32.06,35.56,0.35246344242443195,0.3568522746136415,-0.042117738953814765,-126.58179643384616,1.4095117183833985,52.718753581326524,0.0683,-0.8933,0.0123,0.444,1
809719.0,46.877234,1.0,-8.13,-1.2,-5.34,28.56,-14.75,24.5,-18.81,-36.81,38.75,-0.2961453925838571,-0.40363321730207835,0.018806614844017133,-125.04696377500797,2.303445456683929,54.42603640579737,0.0579,-0.8872,0.0201,0.4573,1
809719.0,46.877234,1.0,-8.13,-1.2,-5.34,28.56,-14.75,24.5,-18.81,-36.81,38.75,-0.2961453925838571,-0.40363321730207835,0.018806614844017133,-125.04696377500797,2.303445456683929,54.42603640579737,0.0579,-0.8872,0.0201,0.4573,1
809754.0,46.87972,1.0,-8.61,0.11,-4.39,29.25,-17.0,23.19,-39.5,2.75,34.06,-1.3819056425648988,0.5605664623477714,0.2571787038319133,-124.74966789127244,2.807774138332147,54.8516623694969,0.0462,-0.886,0.0245,0.4606,1
809754.0,46.87972,1.0,-8.61,0.11,-4.39,29.25,-17.0,23.19,-39.5,2.75,34.06,-1.3819056425648988,0.5605664623477714,0.2571787038319133,-124.74966789127244,2.807774138332147,54.8516623694969,0.0462,-0.886,0.0245,0.4606,1
809789.0,46.921181,1.0,-8.03,1.03,-5.03,29.25,-17.0,23.19,-11.19,33.94,11.5,-0.7527346167860767,1.3360665831186185,0.3996836089594922,-125.82193795794701,3.094348134689141,53.89835748467391,0.0353,-0.8903,0.027,0.4532,1
809789.0,46.921181,1.0,-8.03,1.03,-5.03,29.25,-17.0,23.19,-11.19,33.94,11.5,-0.7527346167860767,1.3360665831186185,0.3996836089594922,-125.82193795794701,3.094348134689141,53.89835748467391,0.0353,-0.8903,0.027,0.4532,1
809824.0,46.938151,1.0,-8.22,0.69,-4.54,29.25,-18.19,22.37,-7.31,55.38,1.94,-1.4481387129009544,0.9029952438905875,0.5468663169052075,-127.17120439382435,3.186055816055173,52.55255813835036,0.0333,-0.8956,0.0278,0.4427,1
809824.0,46.938151,1.0,-8.22,0.69,-4.54,29.25,-18.19,22.37,-7.31,55.38,1.94,-1.4481387129009544,0.9029952438905875,0.5468663169052075,-127.17120439382435,3.186055816055173,52.55255813835036,0.0333,-0.8956,0.0278,0.4427,1
809861.0,47.014745,1.0,-7.27,0.94,-6.1,28.19,-18.56,24.19,3.5,78.06,-14.0,-0.12857239316652835,1.2853336408875475,0.357952387560589,-130.052143359472,3.002642435633463,49.681802135055605,0.0326,-0.9065,0.0262,0.4201,1
809861.0,47.014745,1.0,-7.27,0.94,-6.1,28.19,-18.56,24.19,3.5,78.06,-14.0,-0.12857239316652835,1.2853336408875475,0.357952387560589,-130.052143359472,3.002642435633463,49.681802135055605,0.0326,-0.9065,0.0262,0.4201,1
809895.0,47.022337,1.0,-6.51,0.26,-7.57,28.19,-18.56,24.19,11.06,52.75,-25.5,1.207661688112121,0.8281405202016113,-0.07304313925621564,-131.90276546625157,2.589989743099661,47.81985609667796,0.0366,-0.9132,0.0226,0.4053,1
809895.0,47.022337,1.0,-6.51,0.26,-7.57,28.19,-18.56,24.19,11.06,52.75,-25.5,1.207661688112121,0.8281405202016113,-0.07304313925621564,-131.90276546625157,2.589989743099661,47.81985609667796,0.0366,-0.9132,0.0226,0.4053,1
809928.0,47.058848,1.0,-6.81,-0.44,-7.41,27.75,-18.5,25.0,5.94,25.0,-29.19,0.7089859379531256,0.2899941355185268,-0.23780331220916118,-133.12658560187518,1.8450038134157025,46.544421900804586,0.044,-0.9175,0.0161,0.3951,1
809928.0,47.058848,1.0,-6.81,-0.44,-7.41,27.75,-18.5,25.0,5.94,25.0,-29.19,0.7089859379531256,0.2899941355185268,-0.23780331220916118,-133.12658560187518,1.8450038134157025,46.544421900804586,0.044,-0.9175,0.0161,0.3951,1
809965.0,47.100158,1.0,-7.07,-0.83,-6.9,26.25,-18.06,25.75,-6.88,22.25,-23.44,0.0170163511888779,-0.05345362549462682,-0.1070099272778009,-134.02791208505093,0.9511208605830096,45.61049316943376,0.046,-0.9206,0.0083,0.3876,1
809965.0,47.100158,1.0,-7.07,-0.83,-6.9,26.25,-18.06,25.75,-6.88,22.25,-23.44,0.0170163511888779,-0.05345362549462682,-0.1070099272778009,-134.02791208505093,0.9511208605830096,45.61049316943376,0.046,-0.9206,0.0083,0.3876,1
810002.0,47.114088,1.0,-6.25,-0.93,-8.01,25.87,-16.87,26.19,-4.38,19.12,-21.12,1.2468796309456733,-0.03543131507869429,-0.3191356884216443,-134.7969534952698,0.27502000568243146,44.85325420187506,0.0462,-0.9232,0.0024,0.3815,1
810002.0,47.114088,1.0,-6.25,-0.93,-8.01,25.87,-16.87,26.19,-4.38,19.12,-21.12,1.2468796309456733,-0.03543131507869429,-0.3191356884216443,-134.7969534952698,0.27502000568243146,44.85325420187506,0.0462,-0.9232,0.0024,0.3815,1
810035.0,47.136777,1.0,-6.92,-0.82,-7.2,25.87,-16.87,26.19,-7.25,-3.0,-24.44,0.18048672181821557,0.10179607322789379,-0.21112730351012843,-134.8267795347168,-0.6531754234266163,44.7912774389752,0.0472,-0.9233,-0.0057,0.381,1
810035.0,47.136777,1.0,-6.92,-0.82,-7.2,25.87,-16.87,26.19,-7.25,-3.0,-24.44,0.18048672181821557,0.10179607322789379,-0.21112730351012843,-134.8267795347168,-0.6531754234266163,44.7912774389752,0.0472,-0.9233,-0.0057,0.381,1
810072.0,47.176827,1.0,-6.9,-1.44,-7.05,24.75,-17.75,26.56,-9.13,14.44,-19.56,0.03825741035771735,-0.470060036998918,-0.15144620018652333,-135.1561066706563,-1.2261530793833222,44.456840863061686,0.0484,-0.9244,-0.0107,0.3783,1
810072.0,47.176827,1.0,-6.9,-1.44,-7.05,24.75,-17.75,26.56,-9.13,14.44,-19.56,0.03825741035771735,-0.470060036998918,-0.15144620018652333,-135.1561066706563,-1.2261530793833222,44.456840863061686,0.0484,-0.9244,-0.0107,0.3783,1
810108.0,47.221334,1.0,-6.28,-1.11,-7.67,25.87,-15.75,27.0,-2.56,10.38,-20.62,0.8244744821801406,-0.06444933450839413,-0.13394797555032234,-135.54829362030736,-1.982532871583725,43.99918511445215,0.0496,-0.9257,-0.0173,0.3746,1
810108.0,47.221334,1.0,-6.28,-1.11,-7.67,25.87,-15.75,27.0,-2.56,10.38,-20.62,0.8244744821801406,-0.06444933450839413,-0.13394797555032234,-135.54829362030736,-1.982532871583725,43.99918511445215,0.0496,-0.9257,-0.0173,0.3746,1
810141.0,47.246737,1.0,-7.03,-1.67,-6.69,25.87,-15.75,27.0,-13.06,-1.19,-14.81,-0.38823919612701774,-0.6027837049660729,-0.01433885711709415,-135.4574981156968,-2.452446574526375,44.07334918943469,0.0502,-0.9254,-0.0214,0.3752,1
810141.0,47.246737,1.0,-7.03,-1.67,-6.69,25.87,-15.75,27.0,-13.06,-1.19,-14.81,-0.38823919612701774,-0.6027837049660729,-0.01433885711709415,-135.4574981156968,-2.452446574526375,44.07334918943469,0.0502,-0.9254,-0.0214,0.3752,1
810176.0,47.286481,1.0,-7.09,-1.31,-6.62,25.87,-17.0,27.0,-8.75,9.56,-13.5,-0.5486782110397899,-0.22764127945141527,0.036505084564000256,-135.7912803367973,-3.094348134689141,43.715068693348314,0.0486,-0.9265,-0.027,0.3723,1
810176.0,47.286481,1.0,-7.09,-1.31,-6.62,25.87,-17.0,27.0,-8.75,9.56,-13.5,-0.5486782110397899,-0.22764127945141527,0.036505084564000256,-135.7912803367973,-3.094348134689141,43.715068693348314,0.0486,-0.9265,-0.027,0.3723,1
810213.0,47.350962,1.0,-6.27,-1.72,-7.82,26.69,-16.19,26.19,1.63,10.56,-12.5,0.7824048102595174,-0.5755825650847434,-0.31660280844320354,-136.18886320443548,-3.438262641755622,43.24627621237414,0.05,-0.9278,-0.03,0.3685,1
810213.0,47.350962,1.0,-6.27,-1.72,-7.82,26.69,-16.19,26.19,1.63,10.56,-12.5,0.7824048102595174,-0.5755825650847434,-0.31660280844320354,-136.18886320443548,-3.438262641755622,43.24627621237414,0.05,-0.9278,-0.03,0.3685,1
810248.0,47.377897,1.0,-6.77,-2.09,-6.99,26.69,-16.19,26.19,-1.25,0.31,-7.56,-0.1686089343227848,-0.9145640367115213,-0.1027517806334064,-136.15815825603804,-3.7478120989556993,43.209298755684706,0.0511,-0.9277,-0.0327,0.3682,1
810248.0,47.377897,1.0,-6.77,-2.09,-6.99,26.69,-16.19,26.19,-1.25,0.31,-7.56,-0.1686089343227848,-0.9145640367115213,-0.1027517806334064,-136.15815825603804,-3.7478120989556993,43.209298755684706,0.0511,-0.9277,-0.0327,0.3682,1
810283.0,47.39287,1.0,-6.92,-2.12,-6.91,25.5,-15.88,27.0,-5.19,1.69,0.88,-0.34082012431886044,-0.9415007832111295,-0.14957006175396614,-136.21958862710648,-3.816604503074617,43.184649743140426,0.0505,-0.9279,-0.0333,0.368,1
810283.0,47.39287,1.0,-6.92,-2.12,-6.91,25.5,-15.88,27.0,-5.19,1.69,0.88,-0.34082012431886044,-0.9415007832111295,-0.14957006175396614,-136.21958862710648,-3.816604503074617,43.184649743140426,0.0505,-0.9279,-0.0333,0.368,1
810317.0,47.42311,1.0,-6.63,-1.12,-7.3,27.0,-16.69,26.56,-9.44,7.69,3.19,0.11191331737176613,-0.0051425099300580895,-0.1174997854469364,-136.49704595560382,-3.9427275023832014,42.91364872106161,0.0471,-0.9288,-0.0344,0.3658,1
810317.0,47.42311,1.0,-6.63,-1.12,-7.3,27.0,-16.69,26.56,-9.44,7.69,3.19,0.11191331737176613,-0.0051425099300580895,-0.1174997854469364,-136.49704595560382,-3.9427275023832014,42.91364872106161,0.0471,-0.9288,-0.0344,0.3658,1
810352.0,47.479273,1.0,-6.63,-1.45,-7.39,25.06,-16.25,25.75,7.75,-0.12,2.94,0.15958940023531198,-0.30875857329541345,-0.22084716363705326,-136.55893204947213,-3.816604503074617,42.87671358451489,0.0485,-0.929,-0.0333,0.3655,1
810352.0,47.479273,1.0,-6.63,-1.45,-7.39,25.06,-16.25,25.75,7.75,-0.12,2.94,0.15958940023531198,-0.30875857329541345,-0.22084716363705326,-136.55893204947213,-3.816604503074617,42.87671358451489,0.0485,-0.929,-0.0333,0.3655,1
810387.0,47.487737,1.0,-6.6,-1.04,-7.41,25.06,-16.25,25.75,-0.31,1.81,-0.5,0.1936159062545637,0.09750256489300797,-0.16845431678208378,-136.62090215577362,-3.793673550039814,42.802857328099094,0.0486,-0.9292,-0.0331,0.3649,1
810387.0,47.487737,1.0,-6.6,-1.04,-7.41,25.06,-16.25,25.75,-0.31,1.81,-0.5,0.1936159062545637,0.09750256489300797,-0.16845431678208378,-136.62090215577362,-3.793673550039814,42.802857328099094,0.0486,-0.9292,-0.0331,0.3649,1
810422.0,47.541307,1.0,-6.63,-1.57,-7.23,25.5,-16.25,27.06,13.5,6.88,-0.44,0.0152251019909726,-0.3921047609947906,-0.12011795602046149,-136.7140156295355,-3.6904861286986015,42.65520072513622,0.0514,-0.9295,-0.0322,0.3637,1
810422.0,47.541307,1.0,-6.63,-1.57,-7.23,25.5,-16.25,27.06,13.5,6.88,-0.44,0.0152251019909726,-0.3921047609947906,-0.12011795602046149,-136.7140156295355,-3.6904861286986015,42.65520072513622,0.0514,-0.9295,-0.0322,0.3637,1
810459.0,47.586214,1.0,-6.54,-1.1,-7.47,24.69,-15.88,27.06,-6.25,0.19,2.88,0.22939361751730347,0.07177842520411416,-0.17957683629395582,-136.90081703525604,-3.5299782811888885,42.50761837071937,0.0513,-0.9301,-0.0308,0.3625,1
810459.0,47.586214,1.0,-6.54,-1.1,-7.47,24.69,-15.88,27.06,-6.25,0.19,2.88,0.22939361751730347,0.07177842520411416,-0.17957683629395582,-136.90081703525604,-3.5299782811888885,42.50761837071937,0.0513,-0.9301,-0.0308,0.3625,1
810493.0,47.60154,1.0,-6.68,-1.0,-7.12,24.69,-15.88,27.06,-3.06,-2.75,2.0,-0.09216773490808272,0.13816548683248941,-0.00605683384000244,-136.8073201749142,-3.495584654482353,42.605998374783326,0.0503,-0.9298,-0.0305,0.3633,1
810493.0,47.60154,1.0,-6.68,-1.0,-7.12,24.69,-15.88,27.06,-3.06,-2.75,2.0,-0.09216773490808272,0.13816548683248941,-0.00605683384000244,-136.8073201749142,-3.495584654482353,42.605998374783326,0.0503,-0.9298,-0.0305,0.3633,1
810526.0,47.660405,1.0,-6.61,-1.05,-7.2,25.5,-15.5,27.56,4.94,-1.25,-0.75,0.019595530202136224,0.10051701148988311,-0.02310647437907143,-136.77619735313192,-3.438262641755622,42.64289936464318,0.0512,-0.9297,-0.03,0.3636,1
810526.0,47.660405,1.0,-6.61,-1.05,-7.2,25.5,-15.5,27.56,4.94,-1.25,-0.75,0.019595530202136224,0.10051701148988311,-0.02310647437907143,-136.77619735313192,-3.438262641755622,42.64289936464318,0.0512,-0.9297,-0.03,0.3636,1
810563.0,47.668666,1.0,-6.54,-1.36,-6.77,25.5,-15.88,27.06,-7.63,14.88,2.5,-0.2683766106320351,-0.2544058577823445,0.30310583719465,-137.02578084639396,-3.3465492054549077,42.38468953590335,0.051,-0.9305,-0.0292,0.3615,1
810563.0,47.668666,1.0,-6.54,-1.36,-6.77,25.5,-15.88,27.06,-7.63,14.88,2.5,-0.2683766106320351,-0.2544058577823445,0.30310583719465,-137.02578084639396,-3.3465492054549077,42.38468953590335,0.051,-0.9305,-0.0292,0.3615,1
810600.0,47.709398,1.0,-6.23,-1.27,-6.95,25.5,-16.25,28.0,-3.81,15.63,3.56,-0.0315242170627017,-0.21175314447577764,0.3895131299347039,-137.75115489107054,-3.2089830530311807,41.68496498644351,0.0496,-0.9328,-0.028,0.3558,1
810600.0,47.709398,1.0,-6.23,-1.27,-6.95,25.5,-16.25,28.0,-3.81,15.63,3.56,-0.0315242170627017,-0.21175314447577764,0.3895131299347039,-137.75115489107054,-3.2089830530311807,41.68496498644351,0.0496,-0.9328,-0.028,0.3558,1
810633.0,47.749303,1.0,-5.88,-1.41,-7.04,25.5,-16.25,28.0,2.63,23.94,5.0,0.1837897720860453,-0.38608785954124186,0.5361992297088687,-138.4239905330992,-3.048495041051397,41.03580078188174,0.0494,-0.9349,-0.0266,0.3505,1
810633.0,47.749303,1.0,-5.88,-1.41,-7.04,25.5,-16.25,28.0,2.63,23.94,5.0,0.1837897720860453,-0.38608785954124186,0.5361992297088687,-138.4239905330992,-3.048495041051397,41.03580078188174,0.0494,-0.9349,-0.0266,0.3505,1
810670.0,47.800251,1.0,-6.22,-1.49,-6.52,24.69,-16.69,27.5,-5.44,46.19,9.19,-0.6144392761891075,-0.5091320046058039,0.7081804046360478,-139.70199765652578,-2.738999060214957,39.75374814015767,0.0485,-0.9388,-0.0239,0.34,1
810670.0,47.800251,1.0,-6.22,-1.49,-6.52,24.69,-16.69,27.5,-5.44,46.19,9.19,-0.6144392761891075,-0.5091320046058039,0.7081804046360478,-139.70199765652578,-2.738999060214957,39.75374814015767,0.0485,-0.9388,-0.0239,0.34,1
810704.0,47.817774,1.0,-5.16,-0.36,-8.16,24.75,-16.69,28.0,-18.75,79.44,6.0,0.9046873414425805,0.5750852780060337,0.2050033840671741,-141.92314189948746,-2.5670656278548973,37.62836370499113,0.0444,-0.9453,-0.0224,0.3225,1
810704.0,47.817774,1.0,-5.16,-0.36,-8.16,24.75,-16.69,28.0,-18.75,79.44,6.0,0.9046873414425805,0.5750852780060337,0.2050033840671741,-141.92314189948746,-2.5670656278548973,37.62836370499113,0.0444,-0.9453,-0.0224,0.3225,1
810739.0,47.85229,1.0,-5.58,-1.07,-7.09,24.75,-16.69,28.0,10.88,40.94,5.25,-0.43549946886725444,-0.17771224786293513,0.7331634281481456,-144.09039985888563,-2.4065996467302937,35.444140239914894,0.0447,-0.9513,-0.021,0.3044,1
810739.0,47.85229,1.0,-5.58,-1.07,-7.09,24.75,-16.69,28.0,10.88,40.94,5.25,-0.43549946886725444,-0.17771224786293513,0.7331634281481456,-144.09039985888563,-2.4065996467302937,35.444140239914894,0.0447,-0.9513,-0.021,0.3044,1
810774.0,47.906719,1.0,-5.55,-0.7,-7.68,21.75,-17.0,28.0,-12.5,54.25,5.75,-0.290852831060354,0.1949552396958291,0.31179365115620605,-145.49229376528544,-2.2117544130994498,34.07529458830543,0.0432,-0.955,-0.0193,0.293,1
810774.0,47.906719,1.0,-5.55,-0.7,-7.68,21.75,-17.0,28.0,-12.5,54.25,5.75,-0.290852831060354,0.1949552396958291,0.31179365115620605,-145.49229376528544,-2.2117544130994498,34.07529458830543,0.0432,-0.955,-0.0193,0.293,1
810811.0,47.973644,1.0,-4.55,-0.4,-8.54,20.56,-17.0,30.87,-4.44,72.69,-0.44,0.5454026825803537,0.4365093618367189,0.1471419643460603,-148.30838490049834,-2.039837477354927,31.24523405697452,0.0403,-0.962,-0.0178,0.2693,1
810811.0,47.973644,1.0,-4.55,-0.4,-8.54,20.56,-17.0,30.87,-4.44,72.69,-0.44,0.5454026825803537,0.4365093618367189,0.1471419643460603,-148.30838490049834,-2.039837477354927,31.24523405697452,0.0403,-0.962,-0.0178,0.2693,1
810846.0,47.979366,1.0,-4.7,-1.12,-8.37,20.56,-17.0,30.87,6.63,47.88,-0.75,0.059763183767397976,-0.2596367130517285,0.14588827335019694,-149.85607839466778,-1.94815034703792,29.68940484166728,0.0417,-0.9656,-0.017,0.2562,1
810846.0,47.979366,1.0,-4.7,-1.12,-8.37,20.56,-17.0,30.87,6.63,47.88,-0.75,0.059763183767397976,-0.2596367130517285,0.14588827335019694,-149.85607839466778,-1.94815034703792,29.68940484166728,0.0417,-0.9656,-0.017,0.2562,1
810878.0,47.997365,1.0,-4.3,-0.82,-8.62,19.06,-17.75,31.75,-18.19,53.25,1.69,0.194401344360847,0.003008352821436633,0.14078226517535875,-151.86026450485573,-1.7647797695524667,27.666855466190324,0.0402,-0.97,-0.0154,0.2391,1
810878.0,47.997365,1.0,-4.3,-0.82,-8.62,19.06,-17.75,31.75,-18.19,53.25,1.69,0.194401344360847,0.003008352821436633,0.14078226517535875,-151.86026450485573,-1.7647797695524667,27.666855466190324,0.0402,-0.97,-0.0154,0.2391,1
810913.0,48.030801,1.0,-4.13,-0.22,-8.81,17.25,-17.37,33.38,-20.25,67.37,-1.5,0.1320261800320388,0.5197709165201094,0.08894413482143015,-153.76161968319718,-1.638715147453804,25.86464777060069,0.0358,-0.9739,-0.0143,0.2238,1
810913.0,48.030801,1.0,-4.13,-0.22,-8.81,17.25,-17.37,33.38,-20.25,67.37,-1.5,0.1320261800320388,0.5197709165201094,0.08894413482143015,-153.76161968319718,-1.638715147453804,25.86464777060069,0.0358,-0.9739,-0.0143,0.2238,1
810950.0,48.054566,1.0,-3.84,-0.29,-9.02,15.5,-17.75,32.06,-3.13,64.5,-3.13,0.034018721912633554,0.4024266703853552,0.0073135172823057815,-156.36226771891504,-1.7074774129745527,23.237678334824075,0.033,-0.9788,-0.0149,0.2014,1
810950.0,48.054566,1.0,-3.84,-0.29,-9.02,15.5,-17.75,32.06,-3.13,64.5,-3.13,0.034018721912633554,0.4024266703853552,0.0073135172823057815,-156.36226771891504,-1.7074774129745527,23.237678334824075,0.033,-0.9788,-0.0149,0.2014,1
810985.0,48.097885,1.0,-3.58,-0.58,-9.14,15.5,-17.75,32.06,-5.13,55.06,-1.88,-0.06747462927283343,0.09778520439331609,-0.025861643939521173,-158.5921035424659,-1.7303983035632713,21.007514103633177,0.0322,-0.9826,-0.0151,0.1823,1
810985.0,48.097885,1.0,-3.58,-0.58,-9.14,15.5,-17.75,32.06,-5.13,55.06,-1.88,-0.06747462927283343,0.09778520439331609,-0.025861643939521173,-158.5921035424659,-1.7303983035632713,21.007514103633177,0.0322,-0.9826,-0.0151,0.1823,1
811022.0,48.157667,1.0,-2.61,-0.58,-10.1,13.88,-18.5,32.5,-6.44,63.5,-4.75,0.8430150139726788,0.06346097677596961,-0.6069852149786428,-160.4621037024181,-1.8793858210517667,19.145524872704485,0.0295,-0.9855,-0.0164,0.1663,1
811022.0,48.157667,1.0,-2.61,-0.58,-10.1,13.88,-18.5,32.5,-6.44,63.5,-4.75,0.8430150139726788,0.06346097677596961,-0.6069852149786428,-160.4621037024181,-1.8793858210517667,19.145524872704485,0.0295,-0.9855,-0.0164,0.1663,1
811057.0,48.191864,1.0,-2.91,-0.83,-9.58,12.0,-18.87,33.06,-3.75,54.63,-5.44,0.09015189978939597,-0.19767840917052493,-0.23756205876858338,-162.08197802585826,-1.9366895446536667,17.474100846214466,0.0294,-0.9878,-0.0169,0.1519,1
811057.0,48.191864,1.0,-2.91,-0.83,-9.58,12.0,-18.87,33.06,-3.75,54.63,-5.44,0.09015189978939597,-0.19767840917052493,-0.23756205876858338,-162.08197802585826,-1.9366895446536667,17.474100846214466,0.0294,-0.9878,-0.0169,0.1519,1
811091.0,48.205347,1.0,-2.81,-0.38,-9.61,12.0,-18.87,33.06,-18.62,34.63,-3.38,-0.10211183581446037,0.1666352549435688,-0.2110546205603665,-163.86220596785728,-2.142987063023817,15.725436142775802,0.0248,-0.9901,-0.0187,0.1368,1
811091.0,48.205347,1.0,-2.81,-0.38,-9.61,12.0,-18.87,33.06,-18.62,34.63,-3.38,-0.10211183581446037,0.1666352549435688,-0.2110546205603665,-163.86220596785728,-2.142987063023817,15.725436142775802,0.0248,-0.9901,-0.0187,0.1368,1
811126.0,48.261957,1.0,-2.59,-0.35,-9.65,10.38,-18.87,33.5,-10.56,17.56,-1.44,-0.027443021252321564,0.11527893839725918,-0.19030241795951142,-164.70021747025422,-2.2117544130994498,14.881400387429185,0.0209,-0.9911,-0.0193,0.1295,1
811126.0,48.261957,1.0,-2.59,-0.35,-9.65,10.38,-18.87,33.5,-10.56,17.56,-1.44,-0.027443021252321564,0.11527893839725918,-0.19030241795951142,-164.70021747025422,-2.2117544130994498,14.881400387429185,0.0209,-0.9911,-0.0193,0.1295,1
811163.0,48.266125,1.0,-1.99,-0.63,-9.98,9.25,-19.25,32.56,-7.69,36.5,-3.13,0.4555276874254185,-0.22046345499865788,-0.3767330523553891,-165.6781993872616,-2.337829975144579,13.922726077012076,0.0186,-0.9922,-0.0204,0.1212,1
811163.0,48.266125,1.0,-1.99,-0.63,-9.98,9.25,-19.25,32.56,-7.69,36.5,-3.13,0.4555276874254185,-0.22046345499865788,-0.3767330523553891,-165.6781993872616,-2.337829975144579,13.922726077012076,0.0186,-0.9922,-0.0204,0.1212,1
811198.0,48.302637,1.0,-2.13,-0.65,-9.86,9.25,-19.25,32.56,-9.06,23.37,1.31,0.14908831020647662,-0.2617334344989581,-0.29722392464025305,-166.53078742603913,-2.3263684457528235,13.126503557539667,0.0173,-0.9931,-0.0203,0.1143,1
811198.0,48.302637,1.0,-2.13,-0.65,-9.86,9.25,-19.25,32.56,-9.06,23.37,1.31,0.14908831020647662,-0.2617334344989581,-0.29722392464025305,-166.53078742603913,-2.3263684457528235,13.126503557539667,0.0173,-0.9931,-0.0203,0.1143,1
811231.0,48.350675,1.0,-2.45,-0.09,-9.78,9.56,-19.69,34.75,-11.94,9.0,2.19,-0.2391691584027551,0.21313567715376336,-0.27086811195560045,-167.02852064224476,-2.2575997541901875,12.688278342697656,0.0125,-0.9936,-0.0197,0.1105,1
811231.0,48.350675,1.0,-2.45,-0.09,-9.78,9.56,-19.69,34.75,-11.94,9.0,2.19,-0.2391691584027551,0.21313567715376336,-0.27086811195560045,-167.02852064224476,-2.2575997541901875,12.688278342697656,0.0125,-0.9936,-0.0197,0.1105,1
811266.0,48.37221,1.0,-2.46,-0.08,-9.86,9.19,-19.69,33.88,-9.25,0.31,-1.19,-0.2546680702374664,0.16158635390021836,-0.3514322020809999,-167.23302195249303,-2.360753104216733,12.561458728935326,0.0092,-0.9938,-0.0206,0.1094,1
811266.0,48.37221,1.0,-2.46,-0.08,-9.86,9.19,-19.69,33.88,-9.25,0.31,-1.19,-0.2546680702374664,0.16158635390021836,-0.3514322020809999,-167.23302195249303,-2.360753104216733,12.561458728935326,0.0092,-0.9938,-0.0206,0.1094,1
811302.0,48.446439,1.0,-2.27,-0.46,-10.12,7.69,-20.37,35.19,0.88,-3.38,-1.56,-0.018969690081135582,-0.22757730491426897,-0.5724997108937675,-167.13036680379562,-2.3263684457528235,12.607573156584117,0.009,-0.9937,-0.0203,0.1098,1
811302.0,48.446439,1.0,-2.27,-0.46,-10.12,7.69,-20.37,35.19,0.88,-3.38,-1.56,-0.018969690081135582,-0.22757730491426897,-0.5724997108937675,-167.13036680379562,-2.3263684457528235,12.607573156584117,0.009,-0.9937,-0.0203,0.1098,1
811337.0,48.455677,1.0,-2.73,-0.82,-9.78,7.69,-20.37,35.19,1.56,-2.19,1.25,-0.5345725829052246,-0.5636638942384304,-0.3506240027990799,-167.02852064224476,-2.2919839967771853,12.7228682118641,0.0095,-0.9936,-0.02,0.1108,1
811337.0,48.455677,1.0,-2.73,-0.82,-9.78,7.69,-20.37,35.19,1.56,-2.19,1.25,-0.5345725829052246,-0.5636638942384304,-0.3506240027990799,-167.02852064224476,-2.2919839967771853,12.7228682118641,0.0095,-0.9936,-0.02,0.1108,1
811372.0,48.503958,1.0,-1.97,-0.43,-10.39,7.38,-20.37,33.5,-2.81,-2.75,4.38,0.35383331672828533,-0.21700384286539756,-0.7690585491306337,-167.13036680379562,-2.0742204847835874,12.711338126294772,0.0087,-0.9937,-0.0181,0.1107,1
811372.0,48.503958,1.0,-1.97,-0.43,-10.39,7.38,-20.37,33.5,-2.81,-2.75,4.38,0.35383331672828533,-0.21700384286539756,-0.7690585491306337,-167.13036680379562,-2.0742204847835874,12.711338126294772,0.0087,-0.9937,-0.0181,0.1107,1
811409.0,48.51473,1.0,-2.47,-0.51,-9.75,7.75,-20.0,33.5,1.06,-11.19,4.13,-0.21130883855056193,-0.2959019087313866,-0.25770743776817184,-166.72765058183754,-1.8908465277120163,13.080365619179068,0.0085,-0.9933,-0.0165,0.1139,1
811409.0,48.51473,1.0,-2.47,-0.51,-9.75,7.75,-20.0,33.5,1.06,-11.19,4.13,-0.21130883855056193,-0.2959019087313866,-0.25770743776817184,-166.72765058183754,-1.8908465277120163,13.080365619179068,0.0085,-0.9933,-0.0165,0.1139,1
811442.0,48.562604,1.0,-2.32,-0.46,-9.61,7.75,-20.0,33.5,0.94,-3.06,9.31,-0.06454762326031105,-0.26613159407361675,-0.08633274429746152,-166.62885834304856,-1.6616358358374437,13.253393932396618,0.0081,-0.9932,-0.0145,0.1154,1
811442.0,48.562604,1.0,-2.32,-0.46,-9.61,7.75,-20.0,33.5,0.94,-3.06,9.31,-0.06454762326031105,-0.26613159407361675,-0.08633274429746152,-166.62885834304856,-1.6616358358374437,13.253393932396618,0.0081,-0.9932,-0.0145,0.1154,1
811476.0,48.587812,1.0,-1.74,-0.32,-10.07,8.06,-20.75,34.25,-1.31,-5.88,10.38,0.6434963246780417,-0.15291477133396886,-0.39616478577523395,-166.4334221875333,-1.237612897472461,13.437990937987555,0.0076,-0.993,-0.0108,0.117,1
811476.0,48.587812,1.0,-1.74,-0.32,-10.07,8.06,-20.75,34.25,-1.31,-5.88,10.38,0.6434963246780417,-0.15291477133396886,-0.39616478577523395,-166.4334221875333,-1.237612897472461,13.437990937987555,0.0076,-0.993,-0.0108,0.117,1
811513.0,48.629152,1.0,-2.52,-0.58,-9.4,8.5,-21.19,34.25,0.37,-11.94,11.44,-0.20284143596400894,-0.4151017508419602,0.06840858338354927,-166.05072408085044,-0.9282017781870658,13.85346307502466,0.0074,-0.9926,-0.0081,0.1206,1
811513.0,48.629152,1.0,-2.52,-0.58,-9.4,8.5,-21.19,34.25,0.37,-11.94,11.44,-0.20284143596400894,-0.4151017508419602,0.06840858338354927,-166.05072408085044,-0.9282017781870658,13.85346307502466,0.0074,-0.9926,-0.0081,0.1206,1
811548.0,48.665855,1.0,-2.27,-0.56,-9.56,8.5,-21.19,34.25,-3.63,-2.81,18.19,0.11699006364234665,-0.44733794260494397,-0.02423511224268715,-165.95667115359868,-0.27502000568243146,14.049721543626418,0.0055,-0.9925,-0.0024,0.1223,1
811548.0,48.665855,1.0,-2.27,-0.56,-9.56,8.5,-21.19,34.25,-3.63,-2.81,18.19,0.11699006364234665,-0.44733794260494397,-0.02423511224268715,-165.95667115359868,-0.27502000568243146,14.049721543626418,0.0055,-0.9925,-0.0024,0.1223,1
811581.0,48.681077,1.0,-2.4,-0.02,-9.42,8.06,-20.5,33.88,-8.56,-19.06,16.5,0.031195250570549282,0.022487904574908426,0.08577960941821594,-165.49550626988113,0.1833465726697912,14.4770163518288,0.0024,-0.992,0.0016,0.126,1
811581.0,48.681077,1.0,-2.4,-0.02,-9.42,8.06,-20.5,33.88,-8.56,-19.06,16.5,0.031195250570549282,0.022487904574908426,0.08577960941821594,-165.49550626988113,0.1833465726697912,14.4770163518288,0.0024,-0.992,0.0016,0.126,1
811618.0,48.725442,1.0,-2.73,-0.19,-9.19,8.5,-21.5,33.38,-3.13,-15.19,17.69,-0.2424380627093261,-0.20212019762521646,0.2230457087397575,-164.87335484809628,0.8250663536663884,15.077882439571027,0.0005,-0.9913,0.0072,0.1312,1
811618.0,48.725442,1.0,-2.73,-0.19,-9.19,8.5,-21.5,33.38,-3.13,-15.19,17.69,-0.2424380627093261,-0.20212019762521646,0.2230457087397575,-164.87335484809628,0.8250663536663884,15.077882439571027,0.0005,-0.9913,0.0072,0.1312,1
811653.0,48.795707,1.0,-2.41,-0.25,-9.39,8.88,-20.37,32.56,-5.81,-0.5,20.0,0.13774238615509904,-0.3020773604822363,0.11477317952088306,-164.78654130633294,1.3522117780748235,15.170359975770202,-0.0013,-0.9912,0.0118,0.132,1
811653.0,48.795707,1.0,-2.41,-0.25,-9.39,8.88,-20.37,32.56,-5.81,-0.5,20.0,0.13774238615509904,-0.3020773604822363,0.11477317952088306,-164.78654130633294,1.3522117780748235,15.170359975770202,-0.0013,-0.9912,0.0118,0.132,1
811687.0,48.809519,1.0,-2.25,-0.12,-9.62,8.88,-20.37,32.56,-8.81,-3.81,21.94,0.3768770610477642,-0.2515378558585222,-0.0633040215710281,-164.52900617164656,2.1315259137202647,15.309094936163461,-0.0049,-0.9909,0.0186,0.1332,1
811687.0,48.809519,1.0,-2.25,-0.12,-9.62,8.88,-20.37,32.56,-8.81,-3.81,21.94,0.3768770610477642,-0.2515378558585222,-0.0633040215710281,-164.52900617164656,2.1315259137202647,15.309094936163461,-0.0049,-0.9909,0.0186,0.1332,1
811722.0,48.858331,1.0,-2.99,0.39,-9.13,9.56,-22.0,33.56,-11.81,-13.75,17.25,-0.42163035657951475,0.14431430043543583,0.20193755114967082,-164.1089976777972,2.509755787270372,15.679165793853407,-0.009,-0.9904,0.0219,0.1364,1
811722.0,48.858331,1.0,-2.99,0.39,-9.13,9.56,-22.0,33.56,-11.81,-13.75,17.25,-0.42163035657951475,0.14431430043543583,0.20193755114967082,-164.1089976777972,2.509755787270372,15.679165793853407,-0.009,-0.9904,0.0219,0.1364,1
811759.0,48.865196,1.0,-2.38,0.72,-9.69,8.5,-21.75,33.5,-9.13,-1.12,21.56,0.32941363342088104,0.401171045698735,-0.18381787944435501,-163.78077108801162,3.231910418500817,15.852692930840096,-0.0131,-0.99,0.0282,0.1379,1
811759.0,48.865196,1.0,-2.38,0.72,-9.69,8.5,-21.75,33.5,-9.13,-1.12,21.56,0.32941363342088104,0.401171045698735,-0.18381787944435501,-163.78077108801162,3.231910418500817,15.852692930840096,-0.0131,-0.99,0.0282,0.1379,1
811794.0,48.912549,1.0,-2.49,0.12,-9.61,8.5,-21.75,33.5,2.56,-11.56,18.0,0.28097926587478317,-0.22934329953860058,-0.11479406339647724,-163.37954086931006,3.7478120989556993,16.118839093056636,-0.014,-0.9895,0.0327,0.1402,1
811794.0,48.912549,1.0,-2.49,0.12,-9.61,8.5,-21.75,33.5,2.56,-11.56,18.0,0.28097926587478317,-0.22934329953860058,-0.11479406339647724,-163.37954086931006,3.7478120989556993,16.118839093056636,-0.014,-0.9895,0.0327,0.1402,1
811827.0,48.923239,1.0,-2.94,0.66,-9.34,8.5,-22.56,32.69,-15.75,-15.75,18.5,-0.16317680952825486,0.18004079704321047,-0.004351918266667809,-162.6046318184389,4.366995362783785,16.67455837781138,-0.0186,-0.9885,0.0381,0.145,1
811827.0,48.923239,1.0,-2.94,0.66,-9.34,8.5,-22.56,32.69,-15.75,-15.75,18.5,-0.16317680952825486,0.18004079704321047,-0.004351918266667809,-162.6046318184389,4.366995362783785,16.67455837781138,-0.0186,-0.9885,0.0381,0.145,1
811864.0,48.96743,1.0,-2.69,0.33,-9.48,7.75,-22.19,31.37,-7.25,-6.19,17.37,0.17950870598934188,-0.20115684321490795,-0.04945027084251308,-162.22975145954382,4.802792327898412,16.894639006068054,-0.0217,-0.988,0.0419,0.1469,1
811864.0,48.96743,1.0,-2.69,0.33,-9.48,7.75,-22.19,31.37,-7.25,-6.19,17.37,0.17950870598934188,-0.20115684321490795,-0.04945027084251308,-162.22975145954382,4.802792327898412,16.894639006068054,-0.0217,-0.988,0.0419,0.1469,1
811900.0,49.012621,1.0,-3.16,0.35,-9.16,7.75,-23.25,32.19,-9.69,-8.25,22.44,-0.30787963335277224,-0.3109999281647439,0.12046451880834042,-161.64573705685663,5.559871768630059,17.195903895593172,-0.0257,-0.9872,0.0485,0.1495,1
811900.0,49.012621,1.0,-3.16,0.35,-9.16,7.75,-23.25,32.19,-9.69,-8.25,22.44,-0.30787963335277224,-0.3109999281647439,0.12046451880834042,-161.64573705685663,5.559871768630059,17.195903895593172,-0.0257,-0.9872,0.0485,0.1495,1
811933.0,49.071709,1.0,-2.96,0.96,-9.25,7.75,-23.25,32.19,-21.94,-5.38,16.87,-0.11230047981862978,0.16809018920504393,0.04935353578792245,-161.21954183361512,5.96144975723111,17.358172932119434,-0.0327,-0.9866,0.052,0.1509,1
811933.0,49.071709,1.0,-2.96,0.96,-9.25,7.75,-23.25,32.19,-21.94,-5.38,16.87,-0.11230047981862978,0.16809018920504393,0.04935353578792245,-161.21954183361512,5.96144975723111,17.358172932119434,-0.0327,-0.9866,0.052,0.1509,1
811970.0,49.090637,1.0,-2.83,0.72,-9.26,8.19,-22.87,31.25,-14.63,-7.31,22.44,0.08121785726563857,-0.16794640629175803,0.09891609015910596,-160.66576217664587,6.684478178549482,17.601642377536205,-0.0377,-0.9858,0.0583,0.153,1
811970.0,49.090637,1.0,-2.83,0.72,-9.26,8.19,-22.87,31.25,-14.63,-7.31,22.44,0.08121785726563857,-0.16794640629175803,0.09891609015910596,-160.66576217664587,6.684478178549482,17.601642377536205,-0.0377,-0.9858,0.0583,0.153,1
812005.0,49.132527,1.0,-2.88,1.77,-9.38,8.88,-24.37,30.56,-28.12,-12.38,15.94,0.02048278567314199,0.7202391717466479,-0.1378226351362013,-160.12726585571855,6.902585349926142,17.90319186690899,-0.0446,-0.985,0.0602,0.1556,1
812005.0,49.132527,1.0,-2.88,1.77,-9.38,8.88,-24.37,30.56,-28.12,-12.38,15.94,0.02048278567314199,0.7202391717466479,-0.1378226351362013,-160.12726585571855,6.902585349926142,17.90319186690899,-0.0446,-0.985,0.0602,0.1556,1
812040.0,49.152522,1.0,-2.94,1.29,-9.36,8.88,-24.37,30.56,-4.88,-15.31,11.56,0.10852431220387171,0.16026024348650347,-0.08677403458066024,-159.3455716366145,7.3503583434868105,18.483448143006754,-0.0483,-0.9838,0.0641,0.1606,1
812040.0,49.152522,1.0,-2.94,1.29,-9.36,8.88,-24.37,30.56,-4.88,-15.31,11.56,0.10852431220387171,0.16026024348650347,-0.08677403458066024,-159.3455716366145,7.3503583434868105,18.483448143006754,-0.0483,-0.9838,0.0641,0.1606,1
812075.0,49.207324,1.0,-3.79,1.74,-8.69,7.69,-25.19,31.87,-18.81,-1.69,9.38,-0.9233282161560337,0.47980111001138614,0.2241108845002895,-158.96550158142097,7.694875241065197,18.692456695573654,-0.0505,-0.9832,0.0671,0.1624,1
812075.0,49.207324,1.0,-3.79,1.74,-8.69,7.69,-25.19,31.87,-18.81,-1.69,9.38,-0.9233282161560337,0.47980111001138614,0.2241108845002895,-158.96550158142097,7.694875241065197,18.692456695573654,-0.0505,-0.9832,0.0671,0.1624,1
812111.0,49.249999,1.0,-3.29,2.43,-8.91,7.69,-25.56,31.0,-0.56,5.5,1.37,-0.48211201485654254,1.1138651359398914,0.07813662620703532,-158.9028148870971,7.717845476549469,18.51827857520288,-0.0558,-0.9831,0.0673,0.1609,1
812111.0,49.249999,1.0,-3.29,2.43,-8.91,7.69,-25.56,31.0,-0.56,5.5,1.37,-0.48211201485654254,1.1138651359398914,0.07813662620703532,-158.9028148870971,7.717845476549469,18.51827857520288,-0.0558,-0.9831,0.0673,0.1609,1
812146.0,49.263606,1.0,-3.5,1.43,-8.86,7.69,-25.56,31.0,9.81,-0.31,-1.63,-0.5973756587093948,0.1498888416473727,0.19336878818001324,-159.0283735374385,7.775272426130342,18.448619433327217,-0.0531,-0.9833,0.0678,0.1603,1
812146.0,49.263606,1.0,-3.5,1.43,-8.86,7.69,-25.56,31.0,9.81,-0.31,-1.63,-0.5973756587093948,0.1498888416473727,0.19336878818001324,-159.0283735374385,7.775272426130342,18.448619433327217,-0.0531,-0.9833,0.0678,0.1603,1
812179.0,49.303708,1.0,-3.3,1.81,-9.04,7.38,-25.56,29.25,-4.13,5.31,-5.69,-0.4174708823987159,0.545571961615277,0.03855042551528243,-159.21811781644797,7.557060298129735,18.297714844671223,-0.0531,-0.9836,0.0659,0.159,1
812179.0,49.303708,1.0,-3.3,1.81,-9.04,7.38,-25.56,29.25,-4.13,5.31,-5.69,-0.4174708823987159,0.545571961615277,0.03855042551528243,-159.21811781644797,7.557060298129735,18.297714844671223,-0.0531,-0.9836,0.0659,0.159,1
812214.0,49.316442,1.0,-2.74,1.49,-9.41,7.25,-25.56,30.19,8.38,10.38,-6.69,0.21664943900920441,0.2964475723969986,-0.09996303662341255,-159.60284227959588,7.384806987935719,18.019205613951,-0.0524,-0.9842,0.0644,0.1566,1
812214.0,49.316442,1.0,-2.74,1.49,-9.41,7.25,-25.56,30.19,8.38,10.38,-6.69,0.21664943900920441,0.2964475723969986,-0.09996303662341255,-159.60284227959588,7.384806987935719,18.019205613951,-0.0524,-0.9842,0.0644,0.1566,1
812251.0,49.35384,1.0,-3.15,1.27,-9.18,7.69,-25.19,31.19,11.31,-0.31,-8.0,-0.2387176790451413,0.11790720795333895,0.022125905286758396,-159.8633643903993,7.13219891205416,17.914792407087575,-0.0487,-0.9846,0.0622,0.1557,1
812251.0,49.35384,1.0,-3.15,1.27,-9.18,7.69,-25.19,31.19,11.31,-0.31,-8.0,-0.2387176790451413,0.11790720795333895,0.022125905286758396,-159.8633643903993,7.13219891205416,17.914792407087575,-0.0487,-0.9846,0.0622,0.1557,1
812283.0,49.419429,1.0,-2.77,1.01,-9.4,7.69,-25.19,31.19,7.06,11.63,-10.06,0.17239484445674025,-0.04752372923805427,-0.04327494960058509,-160.26052613773837,6.902585349926142,17.6712197397126,-0.046,-0.9852,0.0602,0.1536,1
812283.0,49.419429,1.0,-2.77,1.01,-9.4,7.69,-25.19,31.19,7.06,11.63,-10.06,0.17239484445674025,-0.04752372923805427,-0.04327494960058509,-160.26052613773837,6.902585349926142,17.6712197397126,-0.046,-0.9852,0.0602,0.1536,1
812320.0,49.43265,1.0,-2.91,1.24,-9.23,7.0,-24.87,31.0,4.56,12.13,-12.44,-0.09353924714698358,0.19142163811287582,0.05199940832294914,-160.80272323312005,6.420486066048695,17.31180678552449,-0.0456,-0.986,0.056,0.1505,1
812320.0,49.43265,1.0,-2.91,1.24,-9.23,7.0,-24.87,31.0,4.56,12.13,-12.44,-0.09353924714698358,0.19142163811287582,0.05199940832294914,-160.80272323312005,6.420486066048695,17.31180678552449,-0.0456,-0.986,0.056,0.1505,1
812355.0,49.476576,1.0,-2.86,0.76,-9.38,7.38,-24.37,30.56,8.31,6.75,-11.0,-0.004367724025044817,-0.23435924961436344,-0.0262873365798999,-161.21954183361512,6.122101196043245,17.03366959473287,-0.0431,-0.9866,0.0534,0.1481,1
812355.0,49.476576,1.0,-2.86,0.76,-9.38,7.38,-24.37,30.56,8.31,6.75,-11.0,-0.004367724025044817,-0.23435924961436344,-0.0262873365798999,-161.21954183361512,6.122101196043245,17.03366959473287,-0.0431,-0.9866,0.0534,0.1481,1
812390.0,49.501188,1.0,-2.84,0.51,-9.38,7.38,-24.37,30.56,7.56,7.69,-12.5,-0.013463517110683831,-0.41101213544959536,0.0014989171140147306,-161.64573705685663,5.697547703194251,16.755633464025784,-0.04,-0.9872,0.0497,0.1457,1
812390.0,49.501188,1.0,-2.84,0.51,-9.38,7.38,-24.37,30.56,7.56,7.69,-12.5,-0.013463517110683831,-0.41101213544959536,0.0014989171140147306,-161.64573705685663,5.697547703194251,16.755633464025784,-0.04,-0.9872,0.0497,0.1457,1
812425.0,49.558176,1.0,-2.65,0.92,-9.6,7.0,-24.5,31.37,-2.88,8.63,-9.38,0.1513123654098083,0.006564900396133173,-0.19364806906558663,-162.0085427715158,5.422203865470181,16.489275388774946,-0.04,-0.9877,0.0473,0.1434,1
812425.0,49.558176,1.0,-2.65,0.92,-9.6,7.0,-24.5,31.37,-2.88,8.63,-9.38,0.1513123654098083,0.006564900396133173,-0.19364806906558663,-162.0085427715158,5.422203865470181,16.489275388774946,-0.04,-0.9877,0.0473,0.1434,1
812462.0,49.592837,1.0,-2.72,0.53,-9.41,7.69,-23.69,31.37,8.31,8.81,-8.13,0.004516220542748917,-0.3307696221002986,0.0026726917414965357,-162.45372607444324,5.089538374458754,16.165134277085013,-0.038,-0.9883,0.0444,0.1406,1
812462.0,49.592837,1.0,-2.72,0.53,-9.41,7.69,-23.69,31.37,8.31,8.81,-8.13,0.004516220542748917,-0.3307696221002986,0.0026726917414965357,-162.45372607444324,5.089538374458754,16.165134277085013,-0.038,-0.9883,0.0444,0.1406,1
812494.0,49.606281,1.0,-2.79,1.11,-9.26,7.69,-23.69,31.37,-7.44,3.06,-8.56,-0.18752999062762,0.24152563558374163,0.0767837177754025,-162.75684793649998,4.837200229263812,15.922114008308865,-0.0386,-0.9887,0.0422,0.1385,1
812494.0,49.606281,1.0,-2.79,1.11,-9.26,7.69,-23.69,31.37,-7.44,3.06,-8.56,-0.18752999062762,0.24152563558374163,0.0767837177754025,-162.75684793649998,4.837200229263812,15.922114008308865,-0.0386,-0.9887,0.0422,0.1385,1
812529.0,49.652976,1.0,-2.68,0.99,-9.46,7.75,-23.69,31.0,1.06,5.06,-10.0,-0.03493992534481283,0.135037495096172,-0.07437444468867405,-162.98770609304586,4.424333322525306,15.806415466969177,-0.0383,-0.989,0.0386,0.1375,1
812529.0,49.652976,1.0,-2.68,0.99,-9.46,7.75,-23.69,31.0,1.06,5.06,-10.0,-0.03493992534481283,0.135037495096172,-0.07437444468867405,-162.98770609304586,4.424333322525306,15.806415466969177,-0.0383,-0.989,0.0386,0.1375,1
812564.0,49.666972,1.0,-2.55,0.96,-9.4,7.25,-23.69,30.56,-2.13,6.0,-10.56,0.04583523556256819,0.13192398656976967,0.020711353505813435,-163.22171672296716,4.126187708974658,15.621331474060083,-0.038,-0.9893,0.036,0.1359,1
812564.0,49.666972,1.0,-2.55,0.96,-9.4,7.25,-23.69,30.56,-2.13,6.0,-10.56,0.04583523556256819,0.13192398656976967,0.020711353505813435,-163.22171672296716,4.126187708974658,15.621331474060083,-0.038,-0.9893,0.036,0.1359,1
812597.0,49.714504,1.0,-2.77,1.01,-9.27,7.25,-23.69,30.56,3.56,3.69,-11.63,-0.21320339987410653,0.1866397033029119,0.08319331364441496,-163.4590136286695,3.793673550039814,15.551935573755918,-0.0377,-0.9896,0.0331,0.1353,1
812597.0,49.714504,1.0,-2.77,1.01,-9.27,7.25,-23.69,30.56,3.56,3.69,-11.63,-0.21320339987410653,0.1866397033029119,0.08319331364441496,-163.4590136286695,3.793673550039814,15.551935573755918,-0.0377,-0.9896,0.0331,0.1353,1
812632.0,49.776169,1.0,-2.56,0.78,-9.46,6.69,-24.37,32.19,12.06,8.31,-10.88,0.006621175948890334,0.031864050683583174,-0.024552410809329572,-163.86220596785728,3.4611913427691,15.28597088065223,-0.0344,-0.9901,0.0302,0.133,1
812632.0,49.776169,1.0,-2.56,0.78,-9.46,6.69,-24.37,32.19,12.06,8.31,-10.88,0.006621175948890334,0.031864050683583174,-0.024552410809329572,-163.86220596785728,3.4611913427691,15.28597088065223,-0.0344,-0.9901,0.0302,0.133,1
812666.0,49.794882,1.0,-2.46,0.52,-9.46,7.25,-24.06,31.5,1.06,6.56,-11.94,0.07241009444352375,-0.17515103973480328,0.02004288151902145,-164.19211217641143,3.025568677774776,15.031647378904806,-0.0325,-0.9905,0.0264,0.1308,1
812666.0,49.794882,1.0,-2.46,0.52,-9.46,7.25,-24.06,31.5,1.06,6.56,-11.94,0.07241009444352375,-0.17515103973480328,0.02004288151902145,-164.19211217641143,3.025568677774776,15.031647378904806,-0.0325,-0.9905,0.0264,0.1308,1
812703.0,49.839227,1.0,-2.5,0.78,-9.44,8.19,-23.25,30.69,-0.31,0.5,-13.56,0.012272333346912578,0.0970973229336918,0.010608886381024973,-164.3596576972689,2.544141615361497,14.985414779298193,-0.0323,-0.9907,0.0222,0.1304,1
812703.0,49.839227,1.0,-2.5,0.78,-9.44,8.19,-23.25,30.69,-0.31,0.5,-13.56,0.012272333346912578,0.0970973229336918,0.010608886381024973,-164.3596576972689,2.544141615361497,14.985414779298193,-0.0323,-0.9907,0.0222,0.1304,1
812736.0,49.848035,1.0,-2.7,0.54,-9.38,8.19,-23.25,30.69,5.19,9.25,-12.25,-0.23068480940379676,-0.09935123410169917,0.03409077270478633,-164.70021747025422,2.085681528609333,14.73117911928188,-0.0303,-0.9911,0.0182,0.1282,1
812736.0,49.848035,1.0,-2.7,0.54,-9.38,8.19,-23.25,30.69,5.19,9.25,-12.25,-0.23068480940379676,-0.09935123410169917,0.03409077270478633,-164.70021747025422,2.085681528609333,14.73117911928188,-0.0303,-0.9911,0.0182,0.1282,1
812773.0,49.884711,1.0,-2.19,0.71,-9.78,7.25,-23.25,31.5,1.5,6.63,-12.56,0.31667278387253517,0.08733361579513427,-0.2352965835816203,-165.0484852184611,1.7533192633889718,14.4770163518288,-0.0297,-0.9915,0.0153,0.126,1
812773.0,49.884711,1.0,-2.19,0.71,-9.78,7.25,-23.25,31.5,1.5,6.63,-12.56,0.31667278387253517,0.08733361579513427,-0.2352965835816203,-165.0484852184611,1.7533192633889718,14.4770163518288,-0.0297,-0.9915,0.0153,0.126,1
812810.0,49.939384,1.0,-2.06,0.48,-9.66,7.38,-23.69,31.87,3.88,4.44,-11.75,0.38839419554928734,-0.08710934440378322,-0.07419823843485318,-165.3150738387374,1.3178319771025526,14.303764676023915,-0.0278,-0.9918,0.0115,0.1245,1
812810.0,49.939384,1.0,-2.06,0.48,-9.66,7.38,-23.69,31.87,3.88,4.44,-11.75,0.38839419554928734,-0.08710934440378322,-0.07419823843485318,-165.3150738387374,1.3178319771025526,14.303764676023915,-0.0278,-0.9918,0.0115,0.1245,1
812843.0,49.987023,1.0,-2.28,0.24,-9.58,7.38,-23.69,31.87,6.38,5.94,-10.88,0.1329455676784448,-0.29013631377868077,-0.03868119785523483,-165.49550626988113,1.0084187350403075,14.153639819523335,-0.0261,-0.992,0.0088,0.1232,1
812843.0,49.987023,1.0,-2.28,0.24,-9.58,7.38,-23.69,31.87,6.38,5.94,-10.88,0.1329455676784448,-0.29013631377868077,-0.03868119785523483,-165.49550626988113,1.0084187350403075,14.153639819523335,-0.0261,-0.992,0.0088,0.1232,1
812877.0,50.017823,1.0,-2.17,0.21,-9.73,7.75,-23.25,32.69,3.44,3.94,-9.13,0.2480294857029779,-0.2853546282265693,-0.15743320470938293,-165.6781993872616,0.6531754234266163,13.991994191085649,-0.0244,-0.9922,0.0057,0.1218,1
812877.0,50.017823,1.0,-2.17,0.21,-9.73,7.75,-23.25,32.69,3.44,3.94,-9.13,0.2480294857029779,-0.2853546282265693,-0.15743320470938293,-165.6781993872616,0.6531754234266163,13.991994191085649,-0.0244,-0.9922,0.0057,0.1218,1
812914.0,50.090586,1.0,-2.41,0.15,-9.63,7.38,-23.25,32.69,4.25,-0.5,-8.06,-0.02138442219639991,-0.3065704494353251,-0.11670917247886337,-165.86324083896642,0.43544897228423995,13.922726077012076,-0.0227,-0.9924,0.0038,0.1212,1
812914.0,50.090586,1.0,-2.41,0.15,-9.63,7.38,-23.25,32.69,4.25,-0.5,-8.06,-0.02138442219639991,-0.3065704494353251,-0.11670917247886337,-165.86324083896642,0.43544897228423995,13.922726077012076,-0.0227,-0.9924,0.0038,0.1212,1
812947.0,50.121376,1.0,-2.43,0.2,-9.6,7.38,-23.25,32.69,3.13,2.31,-7.06,-0.05211969165218755,-0.22186461456408424,-0.0955194406097899,-165.86324083896642,0.2406424508273681,13.899637842978935,-0.0212,-0.9924,0.0021,0.121,1
812947.0,50.121376,1.0,-2.43,0.2,-9.6,7.38,-23.25,32.69,3.13,2.31,-7.06,-0.05211969165218755,-0.22186461456408424,-0.0955194406097899,-165.86324083896642,0.2406424508273681,13.899637842978935,-0.0212,-0.9924,0.0021,0.121,1
812980.0,50.124306,1.0,-2.48,0.24,-9.54,7.75,-22.87,31.87,0.12,8.75,-5.19,-0.1488562302448373,-0.15329024873695585,-0.051034511200359844,-166.14541230093116,0.022918311958021676,13.703410648771607,-0.0201,-0.9927,0.0002,0.1193,1
812980.0,50.124306,1.0,-2.48,0.24,-9.54,7.75,-22.87,31.87,0.12,8.75,-5.19,-0.1488562302448373,-0.15329024873695585,-0.051034511200359844,-166.14541230093116,0.022918311958021676,13.703410648771607,-0.0201,-0.9927,0.0002,0.1193,1
813015.0,50.13721,1.0,-2.09,0.69,-9.75,8.19,-22.87,31.87,-0.06,3.5,-6.69,0.25312891156640127,0.2930226821182882,-0.1811807685850102,-166.33674754112943,-0.16042823504321638,13.530302549412001,-0.0201,-0.9929,-0.0014,0.1178,1
813015.0,50.13721,1.0,-2.09,0.69,-9.75,8.19,-22.87,31.87,-0.06,3.5,-6.69,0.25312891156640127,0.2930226821182882,-0.1811807685850102,-166.33674754112943,-0.16042823504321638,13.530302549412001,-0.0201,-0.9929,-0.0014,0.1178,1
813051.0,50.175883,1.0,-2.34,0.56,-9.54,7.0,-23.25,32.25,6.25,-1.81,-7.94,-0.03068619921928817,0.2160993112611708,-0.029668388749412244,-166.24074892993923,-0.3552344019497601,13.576461659580188,-0.018,-0.9928,-0.0031,0.1182,1
813051.0,50.175883,1.0,-2.34,0.56,-9.54,7.0,-23.25,32.25,6.25,-1.81,-7.94,-0.03068619921928817,0.2160993112611708,-0.029668388749412244,-166.24074892993923,-0.3552344019497601,13.576461659580188,-0.018,-0.9928,-0.0031,0.1182,1
813084.0,50.227383,1.0,-2.31,0.39,-9.64,7.0,-23.25,32.25,8.63,-2.31,-9.88,0.02716883908402612,0.08278365443544239,-0.11354196995406873,-166.24074892993923,-0.5958787923837214,13.611082444309167,-0.0162,-0.9928,-0.0052,0.1185,1
813084.0,50.227383,1.0,-2.31,0.39,-9.64,7.0,-23.25,32.25,8.63,-2.31,-9.88,0.02716883908402612,0.08278365443544239,-0.11354196995406873,-166.24074892993923,-0.5958787923837214,13.611082444309167,-0.0162,-0.9928,-0.0052,0.1185,1
813121.0,50.242872,1.0,-2.39,0.08,-9.55,8.5,-22.19,31.87,12.38,3.44,-7.25,-0.08377101269950815,-0.14446881066023826,-0.03677984839012893,-166.33674754112943,-0.9052827329224427,13.564921674838885,-0.0125,-0.9929,-0.0079,0.1181,1
813121.0,50.242872,1.0,-2.39,0.08,-9.55,8.5,-22.19,31.87,12.38,3.44,-7.25,-0.08377101269950815,-0.14446881066023826,-0.03677984839012893,-166.33674754112943,-0.9052827329224427,13.564921674838885,-0.0125,-0.9929,-0.0079,0.1181,1
813156.0,50.249634,1.0,-2.16,-0.67,-9.58,8.5,-22.19,32.38,18.0,5.31,-1.37,0.11441930568893288,-0.8015105366818616,-0.0033137655841333213,-166.4334221875333,-0.93966131468631,13.44952940908047,-0.0076,-0.993,-0.0082,0.1171,1
813156.0,50.249634,1.0,-2.16,-0.67,-9.58,8.5,-22.19,32.38,18.0,5.31,-1.37,0.11441930568893288,-0.8015105366818616,-0.0033137655841333213,-166.4334221875333,-0.93966131468631,13.44952940908047,-0.0076,-0.993,-0.0082,0.1171,1
813191.0,50.307926,1.0,-1.81,-0.37,-9.93,8.5,-22.19,32.38,0.19,0.5,-1.44,0.5314267232456067,-0.4859617943249472,-0.26803742801864416,-166.53078742603913,-0.9740399810272837,13.39183842112712,-0.0063,-0.9931,-0.0085,0.1166,1
813191.0,50.307926,1.0,-1.81,-0.37,-9.93,8.5,-22.19,32.38,0.19,0.5,-1.44,0.5314267232456067,-0.4859617943249472,-0.26803742801864416,-166.53078742603913,-0.9740399810272837,13.39183842112712,-0.0063,-0.9931,-0.0085,0.1166,1
813225.0,50.358189,1.0,-2.38,-0.3,-9.7,7.38,-22.19,31.5,1.5,-0.06,2.69,-0.06251959475217284,-0.4029765581253732,-0.17724208644972173,-166.4334221875333,-0.9282017781870658,13.461068017168213,-0.0062,-0.993,-0.0081,0.1172,1
813225.0,50.358189,1.0,-2.38,-0.3,-9.7,7.38,-22.19,31.5,1.5,-0.06,2.69,-0.06251959475217284,-0.4029765581253732,-0.17724208644972173,-166.4334221875333,-0.9282017781870658,13.461068017168213,-0.0062,-0.993,-0.0081,0.1172,1
813262.0,50.365409,1.0,-2.29,-0.11,-9.78,7.38,-21.75,33.19,3.06,-6.44,4.06,0.06737602284027688,-0.21278151481540938,-0.23599828113078658,-166.4334221875333,-0.7677691897415189,13.576461659580188,-0.0059,-0.993,-0.0067,0.1182,1
813262.0,50.365409,1.0,-2.29,-0.11,-9.78,7.38,-21.75,33.19,3.06,-6.44,4.06,0.06737602284027688,-0.21278151481540938,-0.23599828113078658,-166.4334221875333,-0.7677691897415189,13.576461659580188,-0.0059,-0.993,-0.0067,0.1182,1
813295.0,50.406799,1.0,-2.38,-0.06,-10.05,7.38,-21.75,33.19,4.31,-16.25,6.63,0.10487319027867348,-0.1527759234944159,-0.5198286413937456,-166.05072408085044,-0.5958787923837214,13.911181889055525,-0.0051,-0.9926,-0.0052,0.1211,1
813295.0,50.406799,1.0,-2.38,-0.06,-10.05,7.38,-21.75,33.19,4.31,-16.25,6.63,0.10487319027867348,-0.1527759234944159,-0.5198286413937456,-166.05072408085044,-0.5958787923837214,13.911181889055525,-0.0051,-0.9926,-0.0052,0.1211,1
813330.0,50.51463,1.0,-1.83,0.19,-10.7,8.5,-21.75,32.75,11.0,-32.75,7.56,1.017461727787445,0.14423370381348136,-1.0016323922754733,-164.87335484809628,-0.27502000568243146,15.077882439571027,-0.0022,-0.9913,-0.0024,0.1312,1
813330.0,50.51463,1.0,-1.83,0.19,-10.7,8.5,-21.75,32.75,11.0,-32.75,7.56,1.017461727787445,0.14423370381348136,-1.0016323922754733,-164.87335484809628,-0.27502000568243146,15.077882439571027,-0.0022,-0.9913,-0.0024,0.1312,1
813365.0,50.560666,1.0,-3.2,0.07,-9.61,8.88,-21.37,33.19,16.37,-56.44,5.63,-0.3118335313913301,0.11237464031948748,-0.316942830063498,-163.30044367130745,-0.08021409786913415,16.651395613206024,0.002,-0.9894,-0.0007,0.1448,1
813365.0,50.560666,1.0,-3.2,0.07,-9.61,8.88,-21.37,33.19,16.37,-56.44,5.63,-0.3118335313913301,0.11237464031948748,-0.316942830063498,-163.30044367130745,-0.08021409786913415,16.651395613206024,0.002,-0.9894,-0.0007,0.1448,1
813402.0,50.64919,1.0,-3.22,0.25,-9.45,9.25,-21.06,33.19,14.31,-33.31,4.44,-0.0960311190048615,0.3659667679182669,-0.17284128708283042,-161.71772704701445,0.20626491763025412,18.274501601194086,0.0062,-0.9873,0.0018,0.1588,1
813402.0,50.64919,1.0,-3.22,0.25,-9.45,9.25,-21.06,33.19,14.31,-33.31,4.44,-0.0960311190048615,0.3659667679182669,-0.17284128708283042,-161.71772704701445,0.20626491763025412,18.274501601194086,0.0062,-0.9873,0.0018,0.1588,1
813436.0,50.657851,1.0,-3.05,0.23,-9.5,9.25,-21.06,33.19,20.75,-31.62,1.88,0.23341191813595508,0.42620529275021624,-0.1617635109305997,-160.80272323312005,0.36669361470931167,19.157145947707967,0.0104,-0.986,0.0032,0.1664,1
813436.0,50.657851,1.0,-3.05,0.23,-9.5,9.25,-21.06,33.19,20.75,-31.62,1.88,0.23341191813595508,0.42620529275021624,-0.1617635109305997,-160.80272323312005,0.36669361470931167,19.157145947707967,0.0104,-0.986,0.0032,0.1664,1
813473.0,50.667612,1.0,-3.52,-0.37,-8.95,10.0,-20.69,32.69,15.31,-16.75,-1.31,-0.23223995642449968,-0.061219158621872306,0.1852095248290606,-159.8633643903993,0.5271230305187238,20.064212846329454,0.0173,-0.9846,0.0046,0.1742,1
813473.0,50.667612,1.0,-3.52,-0.37,-8.95,10.0,-20.69,32.69,15.31,-16.75,-1.31,-0.23223995642449968,-0.061219158621872306,0.1852095248290606,-159.8633643903993,0.5271230305187238,20.064212846329454,0.0173,-0.9846,0.0046,0.1742,1
813508.0,50.703134,1.0,-3.52,-0.05,-8.88,11.19,-19.19,32.19,9.69,-8.88,-2.69,-0.20501691681216205,0.30746068264864346,0.2614556074040024,-159.4738082027549,0.5156637559929028,20.40177671287519,0.02,-0.984,0.0045,0.1771,1
813508.0,50.703134,1.0,-3.52,-0.05,-8.88,11.19,-19.19,32.19,9.69,-8.88,-2.69,-0.20501691681216205,0.30746068264864346,0.2614556074040024,-159.4738082027549,0.5156637559929028,20.40177671287519,0.02,-0.984,0.0045,0.1771,1
813541.0,50.71443,1.0,-3.2,-0.3,-9.17,11.19,-19.19,32.19,23.81,-7.56,-2.88,0.23718588849796096,0.17854540523572748,0.09424739340637522,-159.15467994543428,0.4927452222969898,20.623036118505983,0.0256,-0.9835,0.0043,0.179,1
813541.0,50.71443,1.0,-3.2,-0.3,-9.17,11.19,-19.19,32.19,23.81,-7.56,-2.88,0.23718588849796096,0.17854540523572748,0.09424739340637522,-159.15467994543428,0.4927452222969898,20.623036118505983,0.0256,-0.9835,0.0043,0.179,1
813576.0,50.716662,1.0,-3.57,-0.77,-8.97,11.5,-18.87,32.75,21.87,-15.25,-4.63,-0.10349190457093949,-0.18132479174568913,0.12392772031095056,-158.65388815245836,0.5156637559929028,21.019168663575197,0.0319,-0.9827,0.0045,0.1824,1
813576.0,50.716662,1.0,-3.57,-0.77,-8.97,11.5,-18.87,32.75,21.87,-15.25,-4.63,-0.10349190457093949,-0.18132479174568913,0.12392772031095056,-158.65388815245836,0.5156637559929028,21.019168663575197,0.0319,-0.9827,0.0045,0.1824,1
813613.0,50.727903,1.0,-3.49,-0.44,-9.02,11.88,-19.19,32.75,9.0,-10.0,-4.75,0.05090293730756823,0.22483915491918535,0.1277576953305921,-158.1644488297919,0.36669361470931167,21.42721774773248,0.0355,-0.9819,0.0032,0.1859,1
813613.0,50.727903,1.0,-3.49,-0.44,-9.02,11.88,-19.19,32.75,9.0,-10.0,-4.75,0.05090293730756823,0.22483915491918535,0.1277576953305921,-158.1644488297919,0.36669361470931167,21.42721774773248,0.0355,-0.9819,0.0032,0.1859,1
813647.0,50.799416,1.0,-3.57,-0.77,-8.95,11.88,-19.19,32.75,15.63,-8.81,-4.94,-0.0016643460822041156,-0.03017763188031191,0.14024495259554826,-157.863978815261,0.29793838914592274,21.672178876755062,0.0395,-0.9814,0.0026,0.188,1
813647.0,50.799416,1.0,-3.57,-0.77,-8.95,11.88,-19.19,32.75,15.63,-8.81,-4.94,-0.0016643460822041156,-0.03017763188031191,0.14024495259554826,-157.863978815261,0.29793838914592274,21.672178876755062,0.0395,-0.9814,0.0026,0.188,1
813680.0,50.858729,1.0,-3.64,-1.13,-9.03,12.25,-18.37,32.75,19.75,-13.81,-3.06,0.052920519394431986,-0.2552924895140784,0.008720363417342725,-157.21671751944734,0.27502000568243146,22.150726459273766,0.046,-0.9803,0.0024,0.1921,1
813680.0,50.858729,1.0,-3.64,-1.13,-9.03,12.25,-18.37,32.75,19.75,-13.81,-3.06,0.052920519394431986,-0.2552924895140784,0.008720363417342725,-157.21671751944734,0.27502000568243146,22.150726459273766,0.046,-0.9803,0.0024,0.1921,1
813715.0,50.861024,1.0,-3.86,-0.94,-8.75,13.0,-18.06,32.25,9.25,-7.69,-3.81,-0.2118725969415114,-0.02746181788875511,0.199358193709136,-156.87120131517742,0.20626491763025412,22.44271531767953,0.0491,-0.9797,0.0018,0.1946,1
813715.0,50.861024,1.0,-3.86,-0.94,-8.75,13.0,-18.06,32.25,9.25,-7.69,-3.81,-0.2118725969415114,-0.02746181788875511,0.199358193709136,-156.87120131517742,0.20626491763025412,22.44271531767953,0.0491,-0.9797,0.0018,0.1946,1
813752.0,50.907563,1.0,-3.58,-1.17,-9.06,13.38,-17.25,33.56,11.13,-3.69,-1.75,0.19305222523375587,-0.14812619878709476,-0.0020038050624044956,-156.58711361479934,0.1718874029970642,22.571237075421166,0.0533,-0.9792,0.0015,0.1957,1
813752.0,50.907563,1.0,-3.58,-1.17,-9.06,13.38,-17.25,33.56,11.13,-3.69,-1.75,0.19305222523375587,-0.14812619878709476,-0.0020038050624044956,-156.58711361479934,0.1718874029970642,22.571237075421166,0.0533,-0.9792,0.0015,0.1957,1
813787.0,50.967743,1.0,-4.05,-0.98,-8.68,13.38,-17.25,33.56,8.5,-10.63,-3.75,-0.3438499143629925,0.05588030348825493,0.18459488541690483,-156.25063177900063,0.14896906869365514,22.851748300506443,0.0557,-0.9786,0.0013,0.1981,1
813787.0,50.967743,1.0,-4.05,-0.98,-8.68,13.38,-17.25,33.56,8.5,-10.63,-3.75,-0.3438499143629925,0.05588030348825493,0.18459488541690483,-156.25063177900063,0.14896906869365514,22.851748300506443,0.0557,-0.9786,0.0013,0.1981,1
813824.0,50.986231,1.0,-3.74,-0.74,-8.93,13.38,-17.25,34.75,8.75,-8.13,-3.38,0.07822026236336455,0.3627602556826216,0.10395003620369003,-155.91878451766874,0.06875493954099557,23.12070182440919,0.058,-0.978,0.0006,0.2004,1
813824.0,50.986231,1.0,-3.74,-0.74,-8.93,13.38,-17.25,34.75,8.75,-8.13,-3.38,0.07822026236336455,0.3627602556826216,0.10395003620369003,-155.91878451766874,0.06875493954099557,23.12070182440919,0.058,-0.978,0.0006,0.2004,1
813856.0,51.006038,1.0,-3.69,-1.33,-9.12,13.38,-16.87,33.56,16.12,-6.81,-5.44,0.24611889606301696,-0.12073168896532545,-0.11727308254554458,-155.591382770185,0.022918311958021676,23.307876019955895,0.0621,-0.9774,0.0002,0.202,1
813856.0,51.006038,1.0,-3.69,-1.33,-9.12,13.38,-16.87,33.56,16.12,-6.81,-5.44,0.24611889606301696,-0.12073168896532545,-0.11727308254554458,-155.591382770185,0.022918311958021676,23.307876019955895,0.0621,-0.9774,0.0002,0.202,1
813891.0,51.016809,1.0,-4.16,-1.62,-8.84,13.38,-16.87,33.56,8.44,-7.63,-4.44,-0.22573672713886905,-0.33170771301520013,-0.08853129814441019,-155.05511767406654,-0.06875493954099557,23.67070602926566,0.067,-0.9764,-0.0006,0.2051,1
813891.0,51.016809,1.0,-4.16,-1.62,-8.84,13.38,-16.87,33.56,8.44,-7.63,-4.44,-0.22573672713886905,-0.33170771301520013,-0.08853129814441019,-155.05511767406654,-0.06875493954099557,23.67070602926566,0.067,-0.9764,-0.0006,0.2051,1
813926.0,51.061537,1.0,-4.02,-1.44,-8.91,13.75,-17.25,33.56,11.13,-8.69,-3.0,-0.03636565722411733,-0.10457557367202361,-0.07311930339802153,-154.79119639620876,-0.13750990383378794,23.893204521999117,0.0691,-0.9759,-0.0012,0.207,1
813926.0,51.061537,1.0,-4.02,-1.44,-8.91,13.75,-17.25,33.56,11.13,-8.69,-3.0,-0.03636565722411733,-0.10457557367202361,-0.07311930339802153,-154.79119639620876,-0.13750990383378794,23.893204521999117,0.0691,-0.9759,-0.0012,0.207,1
813963.0,51.085515,1.0,-3.58,-1.35,-9.07,13.75,-16.19,33.19,6.88,-8.06,-2.38,0.4695205239718414,0.06105399827498548,-0.02592966593019419,-154.42620867150097,-0.13750990383378794,24.127512270969643,0.0726,-0.9752,-0.0012,0.209,1
813963.0,51.085515,1.0,-3.58,-1.35,-9.07,13.75,-16.19,33.19,6.88,-8.06,-2.38,0.4695205239718414,0.06105399827498548,-0.02592966593019419,-154.42620867150097,-0.13750990383378794,24.127512270969643,0.0726,-0.9752,-0.0012,0.209,1
813996.0,51.116389,1.0,-4.11,-1.32,-8.58,13.75,-16.19,33.19,9.63,-11.06,-4.06,-0.15794010392035385,0.09632628402706689,0.2036985698104683,-154.01525359440276,-0.19480574417599017,24.467440757791284,0.0755,-0.9744,-0.0017,0.2119,1
813996.0,51.116389,1.0,-4.11,-1.32,-8.58,13.75,-16.19,33.19,9.63,-11.06,-4.06,-0.15794010392035385,0.09632628402706689,0.2036985698104683,-154.01525359440276,-0.19480574417599017,24.467440757791284,0.0755,-0.9744,-0.0017,0.2119,1
814030.0,51.129783,1.0,-4.0,-1.31,-8.73,14.5,-15.38,31.5,9.88,-5.5,-3.75,0.045026939801525945,0.19004790329282736,0.11692067616715107,-153.61058909469406,-0.36669361470931167,24.713732248446583,0.0786,-0.9736,-0.0032,0.214,1
814030.0,51.129783,1.0,-4.0,-1.31,-8.73,14.5,-15.38,31.5,9.88,-5.5,-3.75,0.045026939801525945,0.19004790329282736,0.11692067616715107,-153.61058909469406,-0.36669361470931167,24.713732248446583,0.0786,-0.9736,-0.0032,0.214,1
814065.0,51.169739,1.0,-3.67,-1.81,-8.69,14.88,-15.75,33.56,13.75,-3.56,-2.75,0.363405964178257,-0.2511234132399569,0.2115484822190421,-153.36074062083046,-0.3552344019497601,24.831054609816952,0.0824,-0.9731,-0.0031,0.215,1
814065.0,51.169739,1.0,-3.67,-1.81,-8.69,14.88,-15.75,33.56,13.75,-3.56,-2.75,0.363405964178257,-0.2511234132399569,0.2115484822190421,-153.36074062083046,-0.3552344019497601,24.831054609816952,0.0824,-0.9731,-0.0031,0.215,1
814102.0,51.233976,1.0,-3.9,-1.71,-8.47,14.5,-15.38,33.19,5.63,-3.31,-2.94,0.07883546016712484,-0.1251271901014361,0.3275610059817655,-153.1625065187994,-0.4239897358038088,24.94840342099723,0.0851,-0.9727,-0.0037,0.216,1
814102.0,51.233976,1.0,-3.9,-1.71,-8.47,14.5,-15.38,33.19,5.63,-3.31,-2.94,0.07883546016712484,-0.1251271901014361,0.3275610059817655,-153.1625065187994,-0.4239897358038088,24.94840342099723,0.0851,-0.9727,-0.0037,0.216,1
814135.0,51.257962,1.0,-3.86,-2.18,-8.48,14.5,-15.38,33.19,14.94,2.88,-1.0,0.13002503889942596,-0.5292084331291645,0.2533557030799969,-153.06392657993817,-0.4010712754482724,24.913195992026196,0.0883,-0.9725,-0.0035,0.2157,1
814135.0,51.257962,1.0,-3.86,-2.18,-8.48,14.5,-15.38,33.19,14.94,2.88,-1.0,0.13002503889942596,-0.5292084331291645,0.2533557030799969,-153.06392657993817,-0.4010712754482724,24.913195992026196,0.0883,-0.9725,-0.0035,0.2157,1
814172.0,51.292403,1.0,-4.05,-2.33,-8.23,15.25,-14.69,32.25,3.31,8.81,2.63,-0.16889182718917017,-0.6687761123913357,0.36797879785488874,-153.11317220133924,-0.3093975852894872,24.725463298356363,0.0908,-0.9726,-0.0027,0.2141,1
814172.0,51.292403,1.0,-4.05,-2.33,-8.23,15.25,-14.69,32.25,3.31,8.81,2.63,-0.16889182718917017,-0.6687761123913357,0.36797879785488874,-153.11317220133924,-0.3093975852894872,24.725463298356363,0.0908,-0.9726,-0.0027,0.2141,1
814206.0,51.340025,1.0,-3.83,-2.63,-8.53,14.5,-14.56,33.19,-1.69,11.88,9.5,0.1135357055029309,-0.9363988124102753,0.13933564141557397,-153.46040280996561,-0.10313241704642769,24.373645675055762,0.0904,-0.9733,-0.0009,0.2111,1
814206.0,51.340025,1.0,-3.83,-2.63,-8.53,14.5,-14.56,33.19,-1.69,11.88,9.5,0.1135357055029309,-0.9363988124102753,0.13933564141557397,-153.46040280996561,-0.10313241704642769,24.373645675055762,0.0904,-0.9733,-0.0009,0.2111,1
814241.0,51.382491,1.0,-3.72,-2.58,-8.91,14.5,-14.56,33.19,-4.88,2.38,19.87,0.3419978272772184,-0.9175190124742182,-0.1394093376415153,-153.8627830260387,0.4583674584234223,24.139230338119987,0.0866,-0.9741,0.004,0.2091,1
814241.0,51.382491,1.0,-3.72,-2.58,-8.91,14.5,-14.56,33.19,-4.88,2.38,19.87,0.3419978272772184,-0.9175190124742182,-0.1394093376415153,-153.8627830260387,0.4583674584234223,24.139230338119987,0.0866,-0.9741,0.004,0.2091,1
814276.0,51.401297,1.0,-3.49,-2.39,-9.31,13.38,-13.75,32.69,-27.81,-7.31,33.69,0.7598581688335118,-0.7863895523996413,-0.36057710649927976,-153.8627830260387,1.2261530793833222,24.338476796753636,0.0817,-0.9741,0.0107,0.2108,1
814276.0,51.401297,1.0,-3.49,-2.39,-9.31,13.38,-13.75,32.69,-27.81,-7.31,33.69,0.7598581688335118,-0.7863895523996413,-0.36057710649927976,-153.8627830260387,1.2261530793833222,24.338476796753636,0.0817,-0.9741,0.0107,0.2108,1
814313.0,51.47125,1.0,-3.87,-1.2,-9.15,14.19,-14.56,32.69,-28.87,-24.87,27.44,0.4557058869450643,0.020660418099403454,-0.18991467451331978,-153.5103719816942,1.8908465277120163,25.288865851045276,0.065,-0.9734,0.0165,0.2189,1
814313.0,51.47125,1.0,-3.87,-1.2,-9.15,14.19,-14.56,32.69,-28.87,-24.87,27.44,0.4557058869450643,0.020660418099403454,-0.18991467451331978,-153.5103719816942,1.8908465277120163,25.288865851045276,0.065,-0.9734,0.0165,0.2189,1
814348.0,51.507155,1.0,-3.52,-1.56,-9.62,14.19,-14.56,32.69,-14.44,-37.44,40.25,1.1780885622886001,-0.3782265913672174,-0.4810830828996284,-152.67309729035,2.8421620551927376,26.229260388868163,0.0606,-0.9717,0.0248,0.2269,1
814348.0,51.507155,1.0,-3.52,-1.56,-9.62,14.19,-14.56,32.69,-14.44,-37.44,40.25,1.1780885622886001,-0.3782265913672174,-0.4810830828996284,-152.67309729035,2.8421620551927376,26.229260388868163,0.0606,-0.9717,0.0248,0.2269,1
814383.0,51.56175,1.0,-4.68,-0.67,-8.77,14.5,-16.87,32.25,-32.06,-52.44,33.25,0.08359695134809231,0.11015534314424813,-0.15553235880582683,-150.79583135983617,3.782208130568333,28.375486985220764,0.0484,-0.9677,0.033,0.2451,1
814383.0,51.56175,1.0,-4.68,-0.67,-8.77,14.5,-16.87,32.25,-32.06,-52.44,33.25,0.08359695134809231,0.11015534314424813,-0.15553235880582683,-150.79583135983617,3.782208130568333,28.375486985220764,0.0484,-0.9677,0.033,0.2451,1
814417.0,51.609947,1.0,-4.76,0.32,-8.48,14.88,-16.5,32.25,-39.88,-43.94,28.19,0.1152194292245321,0.7835986458819245,0.10906794851411306,-149.1588584140195,4.447268815934102,30.246943306188317,0.0345,-0.964,0.0388,0.2609,1
814417.0,51.609947,1.0,-4.76,0.32,-8.48,14.88,-16.5,32.25,-39.88,-43.94,28.19,0.1152194292245321,0.7835986458819245,0.10906794851411306,-149.1588584140195,4.447268815934102,30.246943306188317,0.0345,-0.964,0.0388,0.2609,1
814454.0,51.628168,1.0,-5.31,0.29,-8.08,16.37,-19.06,31.5,-8.06,-57.13,18.81,-0.279740031999268,0.5890801405516547,0.1556743963366749,-147.56154217602332,4.837200229263812,31.86443930344973,0.0295,-0.9602,0.0422,0.2745,1
814454.0,51.628168,1.0,-5.31,0.29,-8.08,16.37,-19.06,31.5,-8.06,-57.13,18.81,-0.279740031999268,0.5890801405516547,0.1556743963366749,-147.56154217602332,4.837200229263812,31.86443930344973,0.0295,-0.9602,0.0422,0.2745,1
814489.0,51.635404,1.0,-5.55,-0.69,-8.2,16.37,-19.06,31.5,6.69,-53.0,21.69,0.04103194659838705,-0.415777898447624,-0.11020661480092464,-145.41510886588998,5.559871768630059,33.919519970596944,0.0292,-0.9548,0.0485,0.2917,1
814489.0,51.635404,1.0,-5.55,-0.69,-8.2,16.37,-19.06,31.5,6.69,-53.0,21.69,0.04103194659838705,-0.415777898447624,-0.11020661480092464,-145.41510886588998,5.559871768630059,33.919519970596944,0.0292,-0.9548,0.0485,0.2917,1
814524.0,51.663811,1.0,-5.46,0.47,-8.21,17.19,-18.69,31.0,-27.06,-49.0,12.63,0.24984604569801094,0.6276184333355819,-0.04120621623236609,-144.05324557319378,5.720494487173099,35.37196719600466,0.0227,-0.9512,0.0499,0.3038,1
814524.0,51.663811,1.0,-5.46,0.47,-8.21,17.19,-18.69,31.0,-27.06,-49.0,12.63,0.24984604569801094,0.6276184333355819,-0.04120621623236609,-144.05324557319378,5.720494487173099,35.37196719600466,0.0227,-0.9512,0.0499,0.3038,1
814561.0,51.675508,1.0,-6.22,-0.03,-7.42,17.37,-19.69,29.75,-4.81,-66.44,12.06,-0.3469145828143603,-0.03551754676061075,0.13069584673413992,-141.57339812733946,6.030298919379606,37.83422856646789,0.0199,-0.9443,0.0526,0.3242,1
814561.0,51.675508,1.0,-6.22,-0.03,-7.42,17.37,-19.69,29.75,-4.81,-66.44,12.06,-0.3469145828143603,-0.03551754676061075,0.13069584673413992,-141.57339812733946,6.030298919379606,37.83422856646789,0.0199,-0.9443,0.0526,0.3242,1
814596.0,51.716098,1.0,-6.21,0.36,-7.42,17.37,-19.69,29.75,-11.94,-25.81,3.81,-0.18790241465841095,0.31849158606649564,0.13125048410556062,-140.44035437538835,6.122101196043245,38.97485427752673,0.0177,-0.941,0.0534,0.3336,1
814596.0,51.716098,1.0,-6.21,0.36,-7.42,17.37,-19.69,29.75,-11.94,-25.81,3.81,-0.18790241465841095,0.31849158606649564,0.13125048410556062,-140.44035437538835,6.122101196043245,38.97485427752673,0.0177,-0.941,0.0534,0.3336,1
814628.0,51.735407,1.0,-6.82,0.01,-6.83,20.37,-19.69,26.87,3.56,-28.75,5.56,-0.8118855218744105,-0.12108268796508637,0.18960363003557568,-139.43670037409964,5.9729244673372195,40.03412919359559,0.0167,-0.938,0.0521,0.3423,1
814628.0,51.735407,1.0,-6.82,0.01,-6.83,20.37,-19.69,26.87,3.56,-28.75,5.56,-0.8118855218744105,-0.12108268796508637,0.18960363003557568,-139.43670037409964,5.9729244673372195,40.03412919359559,0.0167,-0.938,0.0521,0.3423,1
814665.0,51.777651,1.0,-5.9,0.12,-7.91,20.75,-20.06,27.37,3.31,9.25,-0.37,0.548268164326521,0.1325490185648183,-0.04598075415209024,-139.5691405181039,5.949975106955118,39.92438520696097,0.0163,-0.9384,0.0519,0.3414,1
814665.0,51.777651,1.0,-5.9,0.12,-7.91,20.75,-20.06,27.37,3.31,9.25,-0.37,0.548268164326521,0.1325490185648183,-0.04598075415209024,-139.5691405181039,5.949975106955118,39.92438520696097,0.0163,-0.9384,0.0519,0.3414,1
814700.0,51.815483,1.0,-6.57,-0.05,-7.13,20.75,-20.06,27.37,4.81,3.88,1.94,-0.47090012562602457,-0.12483439495534507,0.12331537573334117,-139.70199765652578,6.099150260471114,39.75374814015767,0.0181,-0.9388,0.0532,0.34,1
814700.0,51.815483,1.0,-6.57,-0.05,-7.13,20.75,-20.06,27.37,4.81,3.88,1.94,-0.47090012562602457,-0.12483439495534507,0.12331537573334117,-139.70199765652578,6.099150260471114,39.75374814015767,0.0181,-0.9388,0.0532,0.34,1
814735.0,51.882277,1.0,-6.52,-0.03,-7.16,20.75,-20.5,29.06,4.63,4.94,1.81,-0.4444591452285125,-0.10261780874687906,0.13355196195910146,-139.86866179765227,6.11062569758793,39.58320288872563,0.018,-0.9393,0.0533,0.3386,1
814735.0,51.882277,1.0,-6.52,-0.03,-7.16,20.75,-20.5,29.06,4.63,4.94,1.81,-0.4444591452285125,-0.10261780874687906,0.13355196195910146,-139.86866179765227,6.11062569758793,39.58320288872563,0.018,-0.9393,0.0533,0.3386,1
814768.0,51.895923,1.0,-5.73,0.01,-8.25,21.06,-20.37,27.37,0.44,10.69,0.81,0.7916473118564302,0.07984774920842766,-0.20646234684685183,-140.17034192327273,6.064724315991071,39.26671779512233,0.0179,-0.9402,0.0529,0.336,1
814768.0,51.895923,1.0,-5.73,0.01,-8.25,21.06,-20.37,27.37,0.44,10.69,0.81,0.7916473118564302,0.07984774920842766,-0.20646234684685183,-140.17034192327273,6.064724315991071,39.26671779512233,0.0179,-0.9402,0.0529,0.336,1
814804.0,51.903223,1.0,-6.5,-0.05,-7.39,20.25,-20.0,28.25,-0.19,-0.94,-3.88,-0.32356549667580703,-0.09318338891622935,-0.02956991546503751,-140.1031128223946,6.007348957796249,39.33972504606741,0.0184,-0.94,0.0524,0.3366,1
814804.0,51.903223,1.0,-6.5,-0.05,-7.39,20.25,-20.0,28.25,-0.19,-0.94,-3.88,-0.32356549667580703,-0.09318338891622935,-0.02956991546503751,-140.1031128223946,6.007348957796249,39.33972504606741,0.0184,-0.94,0.0524,0.3366,1
814839.0,51.937779,1.0,-6.09,-0.23,-7.91,20.25,-20.0,28.25,4.69,4.13,-1.31,0.3108869249151689,-0.17603934200119656,-0.17240103053314293,-140.23768007093892,5.984399237389444,39.181563633405815,0.0197,-0.9404,0.0522,0.3353,1
814839.0,51.937779,1.0,-6.09,-0.23,-7.91,20.25,-20.0,28.25,4.69,4.13,-1.31,0.3108869249151689,-0.17603934200119656,-0.17240103053314293,-140.23768007093892,5.984399237389444,39.181563633405815,0.0197,-0.9404,0.0522,0.3353,1
814876.0,52.00459,1.0,-6.29,-0.03,-7.65,20.0,-19.56,28.25,-5.0,4.94,-0.69,-0.04823863052176858,-0.013431795330242469,-0.09713678190315278,-140.3726857342126,5.9729244673372195,39.07211278567739,0.0197,-0.9408,0.0521,0.3344,1
814876.0,52.00459,1.0,-6.29,-0.03,-7.65,20.0,-19.56,28.25,-5.0,4.94,-0.69,-0.04823863052176858,-0.013431795330242469,-0.09713678190315278,-140.3726857342126,5.9729244673372195,39.07211278567739,0.0197,-0.9408,0.0521,0.3344,1
814911.0,52.017759,1.0,-6.37,-0.14,-7.4,20.0,-20.0,27.75,-1.75,8.31,-0.12,-0.27676954278844956,-0.16275886871627868,0.046864747708896815,-140.50813431460048,5.904077101832591,38.938389870878915,0.0187,-0.9412,0.0515,0.3333,1
814911.0,52.017759,1.0,-6.37,-0.14,-7.4,20.0,-20.0,27.75,-1.75,8.31,-0.12,-0.27676954278844956,-0.16275886871627868,0.046864747708896815,-140.50813431460048,5.904077101832591,38.938389870878915,0.0187,-0.9412,0.0515,0.3333,1
814944.0,52.057976,1.0,-5.93,0.0,-7.9,20.0,-20.0,27.75,-0.5,0.69,-0.44,0.3213103430234341,0.03426875505991683,-0.06606418181914187,-140.74624891732873,5.9155515139479675,38.707543665525726,0.0181,-0.9419,0.0516,0.3314,1
814944.0,52.057976,1.0,-5.93,0.0,-7.9,20.0,-20.0,27.75,-0.5,0.69,-0.44,0.3213103430234341,0.03426875505991683,-0.06606418181914187,-140.74624891732873,5.9155515139479675,38.707543665525726,0.0181,-0.9419,0.0516,0.3314,1
814979.0,52.097456,1.0,-6.1,-0.13,-7.86,19.19,-20.37,27.75,0.31,-0.75,-1.5,0.180799857653128,-0.1013498684790616,-0.14139199908865763,-140.71214769326966,5.89260274896743,38.719689385129655,0.0186,-0.9418,0.0514,0.3315,1
814979.0,52.097456,1.0,-6.1,-0.13,-7.86,19.19,-20.37,27.75,0.31,-0.75,-1.5,0.180799857653128,-0.1013498684790616,-0.14139199908865763,-140.71214769326966,5.89260274896743,38.719689385129655,0.0186,-0.9418,0.0514,0.3315,1
815013.0,52.148529,1.0,-6.13,-0.27,-7.53,19.56,-20.37,29.06,2.06,5.13,0.69,-0.039469265078042604,-0.26205110993380193,0.09683685077325066,-140.78037862226373,5.9155515139479675,38.68325358261288,0.0189,-0.942,0.0516,0.3312,1
815013.0,52.148529,1.0,-6.13,-0.27,-7.53,19.56,-20.37,29.06,2.06,5.13,0.69,-0.039469265078042604,-0.26205110993380193,0.09683685077325066,-140.78037862226373,5.9155515139479675,38.68325358261288,0.0189,-0.942,0.0516,0.3312,1
815048.0,52.164042,1.0,-5.96,0.05,-7.78,19.56,-20.37,29.06,-3.94,0.81,0.5,0.19523559319027006,0.06882680011231593,0.008198799185759498,-140.88293936908892,5.869654220523909,38.573970551391035,0.0178,-0.9423,0.0512,0.3303,1
815048.0,52.164042,1.0,-5.96,0.05,-7.78,19.56,-20.37,29.06,-3.94,0.81,0.5,0.19523559319027006,0.06882680011231593,0.008198799185759498,-140.88293936908892,5.869654220523909,38.573970551391035,0.0178,-0.9423,0.0512,0.3303,1
815081.0,52.214632,1.0,-6.43,-0.32,-7.44,20.0,-20.37,29.06,2.19,0.44,-0.25,-0.33310290949307086,-0.3543777097759496,-0.020066587472195252,-140.8487237731441,5.846705927689754,38.62253627833281,0.0181,-0.9422,0.051,0.3307,1
815081.0,52.214632,1.0,-6.43,-0.32,-7.44,20.0,-20.37,29.06,2.19,0.44,-0.25,-0.33310290949307086,-0.3543777097759496,-0.020066587472195252,-140.8487237731441,5.846705927689754,38.62253627833281,0.0181,-0.9422,0.051,0.3307,1
815116.0,52.240542,1.0,-6.1,-0.06,-7.78,19.56,-19.56,27.37,-3.44,3.88,0.75,0.0855925958004935,-0.059906395186977546,-0.07925335434045344,-140.98575914579104,5.823757869537402,38.50113546048416,0.0173,-0.9426,0.0508,0.3297,1
815116.0,52.240542,1.0,-6.1,-0.06,-7.78,19.56,-19.56,27.37,-3.44,3.88,0.75,0.0855925958004935,-0.059906395186977546,-0.07925335434045344,-140.98575914579104,5.823757869537402,38.50113546048416,0.0173,-0.9426,0.0508,0.3297,1
815153.0,52.277305,1.0,-6.13,-0.39,-7.72,20.25,-20.37,27.0,-1.0,1.44,1.88,0.044483981045774446,-0.3950723020887875,-0.05080094086461173,-141.08884000838947,5.686074397008275,38.41618161401926,0.0169,-0.9429,0.0496,0.329,1
815153.0,52.277305,1.0,-6.13,-0.39,-7.72,20.25,-20.37,27.0,-1.0,1.44,1.88,0.044483981045774446,-0.3950723020887875,-0.05080094086461173,-141.08884000838947,5.686074397008275,38.41618161401926,0.0169,-0.9429,0.0496,0.329,1
815187.0,52.291964,1.0,-6.19,0.28,-7.7,20.25,-20.37,27.0,-9.31,2.0,2.19,-0.08830048460885065,0.22396262826091506,-0.07396454392186769,-141.1232586742633,5.651654820273722,38.379779541740355,0.0146,-0.943,0.0493,0.3287,1
815187.0,52.291964,1.0,-6.19,0.28,-7.7,20.25,-20.37,27.0,-9.31,2.0,2.19,-0.08830048460885065,0.22396262826091506,-0.07396454392186769,-141.1232586742633,5.651654820273722,38.379779541740355,0.0146,-0.943,0.0493,0.3287,1
815224.0,52.334306,1.0,-5.89,-0.05,-8.04,19.56,-20.0,28.69,2.69,7.75,0.69,0.35356299603198904,-0.05663776845492166,-0.15367054559597015,-141.33038910827102,5.720494487173099,38.17357699786608,0.015,-0.9436,0.0499,0.327,1
815224.0,52.334306,1.0,-5.89,-0.05,-8.04,19.56,-20.0,28.69,2.69,7.75,0.69,0.35356299603198904,-0.05663776845492166,-0.15367054559597015,-141.33038910827102,5.720494487173099,38.17357699786608,0.015,-0.9436,0.0499,0.327,1
815259.0,52.389039,1.0,-6.13,-0.28,-7.75,18.75,-20.75,28.69,2.25,-3.31,-1.0,0.01044516028595055,-0.3142509358115515,-0.0735796151439807,-141.29579335128196,5.823757869537402,38.16145144122449,0.0158,-0.9435,0.0508,0.3269,1
815259.0,52.389039,1.0,-6.13,-0.28,-7.75,18.75,-20.75,28.69,2.25,-3.31,-1.0,0.01044516028595055,-0.3142509358115515,-0.0735796151439807,-141.29579335128196,5.823757869537402,38.16145144122449,0.0158,-0.9435,0.0508,0.3269,1
815292.0,52.404479,1.0,-6.23,-0.13,-7.71,18.75,-20.75,28.69,-2.06,0.63,-0.06,-0.09397172906774909,-0.17287675361398228,-0.1047163509223541,-141.226690896529,5.812283928177061,38.24633966792924,0.0159,-0.9433,0.0507,0.3276,1
815292.0,52.404479,1.0,-6.23,-0.13,-7.71,18.75,-20.75,28.69,-2.06,0.63,-0.06,-0.09397172906774909,-0.17287675361398228,-0.1047163509223541,-141.226690896529,5.812283928177061,38.24633966792924,0.0159,-0.9433,0.0507,0.3276,1
815327.0,52.550059,1.0,-6.09,0.0,-7.8,20.0,-20.37,29.06,0.0,3.25,0.81,0.04020374806846849,-0.02939486853664619,-0.08908744600901386,-141.33038910827102,5.823757869537402,38.14932632838656,0.0158,-0.9436,0.0508,0.3268,1
815327.0,52.550059,1.0,-6.09,0.0,-7.8,20.0,-20.37,29.06,0.0,3.25,0.81,0.04020374806846849,-0.02939486853664619,-0.08908744600901386,-141.33038910827102,5.823757869537402,38.14932632838656,0.0158,-0.9436,0.0508,0.3268,1
815364.0,52.553931,1.0,-6.03,-0.09,-7.75,20.25,-20.0,29.06,-2.94,0.88,-0.12,0.0561182110613645,-0.11992086119888071,-0.0124115505473128,-141.3650146581067,5.835231869336321,38.08870741479733,0.0157,-0.9437,0.0509,0.3263,1
815364.0,52.553931,1.0,-6.03,-0.09,-7.75,20.25,-20.0,29.06,-2.94,0.88,-0.12,0.0561182110613645,-0.11992086119888071,-0.0124115505473128,-141.3650146581067,5.835231869336321,38.08870741479733,0.0157,-0.9437,0.0509,0.3263,1
815398.0,52.559738,1.0,-6.24,-0.1,-7.46,20.25,-20.0,29.06,0.81,-0.44,0.31,-0.2772521350210093,-0.16500309208249478,0.08579071528501636,-141.33038910827102,5.823757869537402,38.13720165916782,0.0157,-0.9436,0.0508,0.3267,1
815398.0,52.559738,1.0,-6.24,-0.1,-7.46,20.25,-20.0,29.06,0.81,-0.44,0.31,-0.2772521350210093,-0.16500309208249478,0.08579071528501636,-141.33038910827102,5.823757869537402,38.13720165916782,0.0157,-0.9436,0.0508,0.3267,1
815431.0,52.561609,1.0,-6.1,0.0,-7.8,19.19,-20.75,28.56,-0.94,3.56,0.63,0.009519533736371155,-0.03650859445202756,-0.09529811645711384,-141.46907086921098,5.846705927689754,38.01597932549169,0.0156,-0.944,0.051,0.3257,1
815431.0,52.561609,1.0,-6.1,0.0,-7.8,19.19,-20.75,28.56,-0.94,3.56,0.63,0.009519533736371155,-0.03650859445202756,-0.09529811645711384,-141.46907086921098,5.846705927689754,38.01597932549169,0.0156,-0.944,0.051,0.3257,1
815466.0,52.598276,1.0,-5.91,-0.29,-7.85,20.0,-20.37,28.56,2.69,1.56,0.5,0.19873765686175338,-0.29084288485741483,-0.017331563504326297,-141.57339812733946,5.869654220523909,37.89480115121914,0.0165,-0.9443,0.0512,0.3247,1
815466.0,52.598276,1.0,-5.91,-0.29,-7.85,20.0,-20.37,28.56,2.69,1.56,0.5,0.19873765686175338,-0.29084288485741483,-0.017331563504326297,-141.57339812733946,5.869654220523909,37.89480115121914,0.0165,-0.9443,0.0512,0.3247,1
815501.0,52.655202,1.0,-6.21,-0.08,-7.55,20.0,-20.37,28.56,-2.94,-2.13,0.31,-0.23448565445464054,-0.1260619103469897,0.034131139817910494,-141.5385921220968,5.858180044713635,37.94326713356112,0.0165,-0.9442,0.0511,0.3251,1
815501.0,52.655202,1.0,-6.21,-0.08,-7.55,20.0,-20.37,28.56,-2.94,-2.13,0.31,-0.23448565445464054,-0.1260619103469897,0.034131139817910494,-141.5385921220968,5.858180044713635,37.94326713356112,0.0165,-0.9442,0.0511,0.3251,1
815536.0,52.677659,1.0,-5.84,-0.11,-7.98,19.19,-20.37,29.5,-2.5,4.06,2.06,0.3062713328021629,-0.10636920831516977,-0.07732609579394101,-141.6082344949301,5.96144975723111,37.84634220500205,0.0163,-0.9444,0.052,0.3243,1
815536.0,52.677659,1.0,-5.84,-0.11,-7.98,19.19,-20.37,29.5,-2.5,4.06,2.06,0.3062713328021629,-0.10636920831516977,-0.07732609579394101,-141.6082344949301,5.96144975723111,37.84634220500205,0.0163,-0.9444,0.052,0.3243,1
815568.0,52.721631,1.0,-6.05,0.11,-7.8,19.19,-20.37,28.25,-5.19,-0.81,0.12,0.006673087514886156,0.056702304849034796,-0.06509454281145999,-141.64310130769366,5.949975106955118,37.83422856646789,0.0149,-0.9445,0.0519,0.3242,1
815568.0,52.721631,1.0,-6.05,0.11,-7.8,19.19,-20.37,28.25,-5.19,-0.81,0.12,0.006673087514886156,0.056702304849034796,-0.06509454281145999,-141.64310130769366,5.949975106955118,37.83422856646789,0.0149,-0.9445,0.0519,0.3242,1
815603.0,52.77542,1.0,-6.1,-0.15,-7.57,19.56,-20.75,28.25,1.12,1.12,0.31,-0.14300079094583795,-0.21115048809060205,0.08696038329062716,-141.6082344949301,5.949975106955118,37.84634220500205,0.0154,-0.9444,0.0519,0.3243,1
815603.0,52.77542,1.0,-6.1,-0.15,-7.57,19.56,-20.75,28.25,1.12,1.12,0.31,-0.14300079094583795,-0.21115048809060205,0.08696038329062716,-141.6082344949301,5.949975106955118,37.84634220500205,0.0154,-0.9444,0.0519,0.3243,1
815638.0,52.78008,1.0,-5.91,-0.1,-7.9,19.56,-20.75,28.25,-1.31,1.31,0.5,0.19446586497264695,-0.130678055991625,-0.05708186339950494,-141.64310130769366,5.96144975723111,37.79789028318413,0.0151,-0.9445,0.052,0.3239,1
815638.0,52.78008,1.0,-5.91,-0.1,-7.9,19.56,-20.75,28.25,-1.31,1.31,0.5,0.19446586497264695,-0.130678055991625,-0.05708186339950494,-141.64310130769366,5.96144975723111,37.79789028318413,0.0151,-0.9445,0.052,0.3239,1
815675.0,52.792138,1.0,-6.13,0.03,-7.81,19.19,-21.06,28.25,-2.06,-2.63,0.5,-0.037029351524533016,-0.027825669953670196,-0.12168090500197337,-141.6082344949301,5.96144975723111,37.85845628256111,0.015,-0.9444,0.052,0.3244,1
815675.0,52.792138,1.0,-6.13,0.03,-7.81,19.19,-21.06,28.25,-2.06,-2.63,0.5,-0.037029351524533016,-0.027825669953670196,-0.12168090500197337,-141.6082344949301,5.96144975723111,37.85845628256111,0.015,-0.9444,0.052,0.3244,1
815710.0,52.835923,1.0,-6.06,-0.1,-7.76,18.75,-20.37,28.69,0.75,-0.31,0.12,0.007670625387054653,-0.15491286448170946,-0.03850836164783189,-141.57339812733946,5.984399237389444,37.89480115121914,0.015,-0.9443,0.0522,0.3247,1
815710.0,52.835923,1.0,-6.06,-0.1,-7.76,18.75,-20.37,28.69,0.75,-0.31,0.12,0.007670625387054653,-0.15491286448170946,-0.03850836164783189,-141.57339812733946,5.984399237389444,37.89480115121914,0.015,-0.9443,0.0522,0.3247,1
815745.0,52.867522,1.0,-6.04,0.01,-7.65,18.75,-20.37,28.69,-2.25,1.31,0.69,-0.057117707795034,-0.06120357812334168,0.059999719545631436,-141.57339812733946,6.007348957796249,37.88268575548643,0.0145,-0.9443,0.0524,0.3246,1
815745.0,52.867522,1.0,-6.04,0.01,-7.65,18.75,-20.37,28.69,-2.25,1.31,0.69,-0.057117707795034,-0.06120357812334168,0.059999719545631436,-141.57339812733946,6.007348957796249,37.88268575548643,0.0145,-0.9443,0.0524,0.3246,1
815779.0,52.90602,1.0,-6.05,0.09,-7.91,18.75,-21.06,28.25,-0.44,-0.94,0.06,0.08528189325303526,0.03464820813740639,-0.1517749005731872,-141.57339812733946,6.01882390838285,37.88268575548643,0.0146,-0.9443,0.0525,0.3246,1
815779.0,52.90602,1.0,-6.05,0.09,-7.91,18.75,-21.06,28.25,-0.44,-0.94,0.06,0.08528189325303526,0.03464820813740639,-0.1517749005731872,-141.57339812733946,6.01882390838285,37.88268575548643,0.0146,-0.9443,0.0525,0.3246,1
815816.0,52.948362,1.0,-6.08,-0.09,-7.62,19.19,-20.75,28.56,-1.19,2.06,-0.06,-0.10247232525864414,-0.1585023379896604,0.05968757925537638,-141.6082344949301,6.030298919379606,37.84634220500205,0.015,-0.9444,0.0526,0.3243,1
815816.0,52.948362,1.0,-6.08,-0.09,-7.62,19.19,-20.75,28.56,-1.19,2.06,-0.06,-0.10247232525864414,-0.1585023379896604,0.05968757925537638,-141.6082344949301,6.030298919379606,37.84634220500205,0.015,-0.9444,0.0526,0.3243,1
